time,x,y,z,rx,ry,rz
2024-08-06T19:03:30.083646,NaN,NaN,NaN,NaN,NaN,NaN
2024-08-06T19:03:30.094676,NaN,NaN,NaN,NaN,NaN,NaN
2024-08-06T19:03:30.106042,NaN,NaN,NaN,NaN,NaN,NaN
2024-08-06T19:03:30.117292,NaN,NaN,NaN,NaN,NaN,NaN
2024-08-06T19:03:30.129325,NaN,NaN,NaN,NaN,NaN,NaN
2024-08-06T19:03:30.141646,NaN,NaN,NaN,NaN,NaN,NaN
2024-08-06T19:03:30.152677,NaN,NaN,NaN,NaN,NaN,NaN
2024-08-06T19:03:30.163673,NaN,NaN,NaN,NaN,NaN,NaN
2024-08-06T19:03:30.176890,NaN,NaN,NaN,NaN,NaN,NaN
2024-08-06T19:03:30.188383,NaN,NaN,NaN,NaN,NaN,NaN
2024-08-06T19:03:30.201372,NaN,NaN,NaN,NaN,NaN,NaN
2024-08-06T19:03:30.212554,NaN,NaN,NaN,NaN,NaN,NaN
2024-08-06T19:03:30.223591,NaN,NaN,NaN,NaN,NaN,NaN
2024-08-06T19:03:30.234568,NaN,NaN,NaN,NaN,NaN,NaN
2024-08-06T19:03:30.245734,NaN,NaN,NaN,NaN,NaN,NaN
2024-08-06T19:03:30.257238,NaN,NaN,NaN,NaN,NaN,NaN
2024-08-06T19:03:30.269259,NaN,NaN,NaN,NaN,NaN,NaN
2024-08-06T19:03:30.281553,NaN,NaN,NaN,NaN,NaN,NaN
2024-08-06T19:03:30.292725,NaN,NaN,NaN,NaN,NaN,NaN
2024-08-06T19:03:30.303874,NaN,NaN,NaN,NaN,NaN,NaN
2024-08-06T19:03:30.314918,NaN,NaN,NaN,NaN,NaN,NaN
2024-08-06T19:03:30.326106,NaN,NaN,NaN,NaN,NaN,NaN
2024-08-06T19:03:30.338221,NaN,NaN,NaN,NaN,NaN,NaN
2024-08-06T19:03:30.350874,NaN,NaN,NaN,NaN,NaN,NaN
2024-08-06T19:03:30.361835,NaN,NaN,NaN,NaN,NaN,NaN
2024-08-06T19:03:30.373047,NaN,NaN,NaN,NaN,NaN,NaN
2024-08-06T19:03:30.384023,NaN,NaN,NaN,NaN,NaN,NaN
2024-08-06T19:03:30.395042,NaN,NaN,NaN,NaN,NaN,NaN
2024-08-06T19:03:30.406304,NaN,NaN,NaN,NaN,NaN,NaN
2024-08-06T19:03:30.417974,NaN,NaN,NaN,NaN,NaN,NaN
2024-08-06T19:03:30.430595,NaN,NaN,NaN,NaN,NaN,NaN
2024-08-06T19:03:30.441628,NaN,NaN,NaN,NaN,NaN,NaN
2024-08-06T19:03:30.452669,NaN,NaN,NaN,NaN,NaN,NaN
2024-08-06T19:03:30.463637,NaN,NaN,NaN,NaN,NaN,NaN
2024-08-06T19:03:30.474778,NaN,NaN,NaN,NaN,NaN,NaN
2024-08-06T19:03:30.485846,NaN,NaN,NaN,NaN,NaN,NaN
2024-08-06T19:03:30.497074,NaN,NaN,NaN,NaN,NaN,NaN
2024-08-06T19:03:30.509713,NaN,NaN,NaN,NaN,NaN,NaN
2024-08-06T19:03:30.521187,NaN,NaN,NaN,NaN,NaN,NaN
2024-08-06T19:03:30.532274,NaN,NaN,NaN,NaN,NaN,NaN
2024-08-06T19:03:30.543377,NaN,NaN,NaN,NaN,NaN,NaN
2024-08-06T19:03:30.554641,NaN,NaN,NaN,NaN,NaN,NaN
2024-08-06T19:03:30.566274,NaN,NaN,NaN,NaN,NaN,NaN
2024-08-06T19:03:30.578457,NaN,NaN,NaN,NaN,NaN,NaN
2024-08-06T19:03:30.590741,NaN,NaN,NaN,NaN,NaN,NaN
2024-08-06T19:03:30.601765,NaN,NaN,NaN,NaN,NaN,NaN
2024-08-06T19:03:30.612879,NaN,NaN,NaN,NaN,NaN,NaN
2024-08-06T19:03:30.623950,NaN,NaN,NaN,NaN,NaN,NaN
2024-08-06T19:03:30.635818,NaN,NaN,NaN,NaN,NaN,NaN
2024-08-06T19:03:30.647490,NaN,NaN,NaN,NaN,NaN,NaN
2024-08-06T19:03:30.660562,NaN,NaN,NaN,NaN,NaN,NaN
2024-08-06T19:03:30.671544,NaN,NaN,NaN,NaN,NaN,NaN
2024-08-06T19:03:30.682849,NaN,NaN,NaN,NaN,NaN,NaN
2024-08-06T19:03:30.693896,NaN,NaN,NaN,NaN,NaN,NaN
2024-08-06T19:03:30.704999,NaN,NaN,NaN,NaN,NaN,NaN
2024-08-06T19:03:30.716359,NaN,NaN,NaN,NaN,NaN,NaN
2024-08-06T19:03:30.728826,NaN,NaN,NaN,NaN,NaN,NaN
2024-08-06T19:03:30.741464,NaN,NaN,NaN,NaN,NaN,NaN
2024-08-06T19:03:30.752557,NaN,NaN,NaN,NaN,NaN,NaN
2024-08-06T19:03:30.763778,NaN,NaN,NaN,NaN,NaN,NaN
2024-08-06T19:03:30.774932,NaN,NaN,NaN,NaN,NaN,NaN
2024-08-06T19:03:30.786752,NaN,NaN,NaN,NaN,NaN,NaN
2024-08-06T19:03:30.799898,NaN,NaN,NaN,NaN,NaN,NaN
2024-08-06T19:03:30.811054,NaN,NaN,NaN,NaN,NaN,NaN
2024-08-06T19:03:30.822100,NaN,NaN,NaN,NaN,NaN,NaN
2024-08-06T19:03:30.833220,NaN,NaN,NaN,NaN,NaN,NaN
2024-08-06T19:03:30.844273,NaN,NaN,NaN,NaN,NaN,NaN
2024-08-06T19:03:30.855572,NaN,NaN,NaN,NaN,NaN,NaN
2024-08-06T19:03:30.867390,NaN,NaN,NaN,NaN,NaN,NaN
2024-08-06T19:03:30.880074,NaN,NaN,NaN,NaN,NaN,NaN
2024-08-06T19:03:30.891902,NaN,NaN,NaN,NaN,NaN,NaN
2024-08-06T19:03:30.904006,NaN,NaN,NaN,NaN,NaN,NaN
2024-08-06T19:03:30.916789,NaN,NaN,NaN,NaN,NaN,NaN
2024-08-06T19:03:30.930293,NaN,NaN,NaN,NaN,NaN,NaN
2024-08-06T19:03:30.941838,NaN,NaN,NaN,NaN,NaN,NaN
2024-08-06T19:03:30.953036,NaN,NaN,NaN,NaN,NaN,NaN
2024-08-06T19:03:30.964148,NaN,NaN,NaN,NaN,NaN,NaN
2024-08-06T19:03:30.975492,NaN,NaN,NaN,NaN,NaN,NaN
2024-08-06T19:03:30.987600,NaN,NaN,NaN,NaN,NaN,NaN
2024-08-06T19:03:31.000305,NaN,NaN,NaN,NaN,NaN,NaN
2024-08-06T19:03:31.011448,NaN,NaN,NaN,NaN,NaN,NaN
2024-08-06T19:03:31.022875,NaN,NaN,NaN,NaN,NaN,NaN
2024-08-06T19:03:31.033969,NaN,NaN,NaN,NaN,NaN,NaN
2024-08-06T19:03:31.045302,NaN,NaN,NaN,NaN,NaN,NaN
2024-08-06T19:03:31.057373,NaN,NaN,NaN,NaN,NaN,NaN
2024-08-06T19:03:31.070163,NaN,NaN,NaN,NaN,NaN,NaN
2024-08-06T19:03:31.081381,NaN,NaN,NaN,NaN,NaN,NaN
2024-08-06T19:03:31.092583,NaN,NaN,NaN,NaN,NaN,NaN
2024-08-06T19:03:31.103721,NaN,NaN,NaN,NaN,NaN,NaN
2024-08-06T19:03:31.115750,NaN,NaN,NaN,NaN,NaN,NaN
2024-08-06T19:03:31.127500,NaN,NaN,NaN,NaN,NaN,NaN
2024-08-06T19:03:31.140156,NaN,NaN,NaN,NaN,NaN,NaN
2024-08-06T19:03:31.151149,NaN,NaN,NaN,NaN,NaN,NaN
2024-08-06T19:03:31.162659,NaN,NaN,NaN,NaN,NaN,NaN
2024-08-06T19:03:31.173868,NaN,NaN,NaN,NaN,NaN,NaN
2024-08-06T19:03:31.185563,NaN,NaN,NaN,NaN,NaN,NaN
2024-08-06T19:03:31.197824,NaN,NaN,NaN,NaN,NaN,NaN
2024-08-06T19:03:31.210367,NaN,NaN,NaN,NaN,NaN,NaN
2024-08-06T19:03:31.221657,NaN,NaN,NaN,NaN,NaN,NaN
2024-08-06T19:03:31.232848,NaN,NaN,NaN,NaN,NaN,NaN
2024-08-06T19:03:31.245041,NaN,NaN,NaN,NaN,NaN,NaN
2024-08-06T19:03:31.256418,NaN,NaN,NaN,NaN,NaN,NaN
2024-08-06T19:03:31.269160,NaN,NaN,NaN,NaN,NaN,NaN
2024-08-06T19:03:31.280083,NaN,NaN,NaN,NaN,NaN,NaN
2024-08-06T19:03:31.291065,NaN,NaN,NaN,NaN,NaN,NaN
2024-08-06T19:03:31.302193,NaN,NaN,NaN,NaN,NaN,NaN
2024-08-06T19:03:31.313274,NaN,NaN,NaN,NaN,NaN,NaN
2024-08-06T19:03:31.324478,NaN,NaN,NaN,NaN,NaN,NaN
2024-08-06T19:03:31.336039,NaN,NaN,NaN,NaN,NaN,NaN
2024-08-06T19:03:31.348653,NaN,NaN,NaN,NaN,NaN,NaN
2024-08-06T19:03:31.359961,NaN,NaN,NaN,NaN,NaN,NaN
2024-08-06T19:03:31.371242,NaN,NaN,NaN,NaN,NaN,NaN
2024-08-06T19:03:31.382299,NaN,NaN,NaN,NaN,NaN,NaN
2024-08-06T19:03:31.393499,NaN,NaN,NaN,NaN,NaN,NaN
2024-08-06T19:03:31.405095,NaN,NaN,NaN,NaN,NaN,NaN
2024-08-06T19:03:31.416603,NaN,NaN,NaN,NaN,NaN,NaN
2024-08-06T19:03:31.428991,NaN,NaN,NaN,NaN,NaN,NaN
2024-08-06T19:03:31.440614,NaN,NaN,NaN,NaN,NaN,NaN
2024-08-06T19:03:31.451875,NaN,NaN,NaN,NaN,NaN,NaN
2024-08-06T19:03:31.462926,NaN,NaN,NaN,NaN,NaN,NaN
2024-08-06T19:03:31.474939,NaN,NaN,NaN,NaN,NaN,NaN
2024-08-06T19:03:31.487025,NaN,NaN,NaN,NaN,NaN,NaN
2024-08-06T19:03:31.499811,NaN,NaN,NaN,NaN,NaN,NaN
2024-08-06T19:03:31.510890,NaN,NaN,NaN,NaN,NaN,NaN
2024-08-06T19:03:31.522170,NaN,NaN,NaN,NaN,NaN,NaN
2024-08-06T19:03:31.533714,NaN,NaN,NaN,NaN,NaN,NaN
2024-08-06T19:03:31.545349,NaN,NaN,NaN,NaN,NaN,NaN
2024-08-06T19:03:31.557983,NaN,NaN,NaN,NaN,NaN,NaN
2024-08-06T19:03:31.570656,NaN,NaN,NaN,NaN,NaN,NaN
2024-08-06T19:03:31.582042,NaN,NaN,NaN,NaN,NaN,NaN
2024-08-06T19:03:31.593155,NaN,NaN,NaN,NaN,NaN,NaN
2024-08-06T19:03:31.604466,NaN,NaN,NaN,NaN,NaN,NaN
2024-08-06T19:03:31.616262,NaN,NaN,NaN,NaN,NaN,NaN
2024-08-06T19:03:31.628868,NaN,NaN,NaN,NaN,NaN,NaN
2024-08-06T19:03:31.639915,NaN,NaN,NaN,NaN,NaN,NaN
2024-08-06T19:03:31.651134,NaN,NaN,NaN,NaN,NaN,NaN
2024-08-06T19:03:31.662276,NaN,NaN,NaN,NaN,NaN,NaN
2024-08-06T19:03:31.673512,NaN,NaN,NaN,NaN,NaN,NaN
2024-08-06T19:03:31.685442,NaN,NaN,NaN,NaN,NaN,NaN
2024-08-06T19:03:31.697907,NaN,NaN,NaN,NaN,NaN,NaN
2024-08-06T19:03:31.709496,NaN,NaN,NaN,NaN,NaN,NaN
2024-08-06T19:03:31.721251,NaN,NaN,NaN,NaN,NaN,NaN
2024-08-06T19:03:31.732333,NaN,NaN,NaN,NaN,NaN,NaN
2024-08-06T19:03:31.743495,NaN,NaN,NaN,NaN,NaN,NaN
2024-08-06T19:03:31.755310,NaN,NaN,NaN,NaN,NaN,NaN
2024-08-06T19:03:31.767822,NaN,NaN,NaN,NaN,NaN,NaN
2024-08-06T19:03:31.779333,NaN,NaN,NaN,NaN,NaN,NaN
2024-08-06T19:03:31.790353,NaN,NaN,NaN,NaN,NaN,NaN
2024-08-06T19:03:31.801327,NaN,NaN,NaN,NaN,NaN,NaN
2024-08-06T19:03:31.812408,NaN,NaN,NaN,NaN,NaN,NaN
2024-08-06T19:03:31.823494,NaN,NaN,NaN,NaN,NaN,NaN
2024-08-06T19:03:31.835206,NaN,NaN,NaN,NaN,NaN,NaN
2024-08-06T19:03:31.848613,NaN,NaN,NaN,NaN,NaN,NaN
2024-08-06T19:03:31.859556,NaN,NaN,NaN,NaN,NaN,NaN
2024-08-06T19:03:31.870624,NaN,NaN,NaN,NaN,NaN,NaN
2024-08-06T19:03:31.881819,NaN,NaN,NaN,NaN,NaN,NaN
2024-08-06T19:03:31.893402,NaN,NaN,NaN,NaN,NaN,NaN
2024-08-06T19:03:31.904951,NaN,NaN,NaN,NaN,NaN,NaN
2024-08-06T19:03:31.918508,NaN,NaN,NaN,NaN,NaN,NaN
2024-08-06T19:03:31.929890,NaN,NaN,NaN,NaN,NaN,NaN
2024-08-06T19:03:31.941105,NaN,NaN,NaN,NaN,NaN,NaN
2024-08-06T19:03:31.952673,NaN,NaN,NaN,NaN,NaN,NaN
2024-08-06T19:03:31.964096,NaN,NaN,NaN,NaN,NaN,NaN
2024-08-06T19:03:31.975877,NaN,NaN,NaN,NaN,NaN,NaN
2024-08-06T19:03:31.988363,NaN,NaN,NaN,NaN,NaN,NaN
2024-08-06T19:03:31.999264,NaN,NaN,NaN,NaN,NaN,NaN
2024-08-06T19:03:32.010437,NaN,NaN,NaN,NaN,NaN,NaN
2024-08-06T19:03:32.021920,NaN,NaN,NaN,NaN,NaN,NaN
2024-08-06T19:03:32.033057,NaN,NaN,NaN,NaN,NaN,NaN
2024-08-06T19:03:32.044670,NaN,NaN,NaN,NaN,NaN,NaN
2024-08-06T19:03:32.057153,NaN,NaN,NaN,NaN,NaN,NaN
2024-08-06T19:03:32.068636,NaN,NaN,NaN,NaN,NaN,NaN
2024-08-06T19:03:32.079652,NaN,NaN,NaN,NaN,NaN,NaN
2024-08-06T19:03:32.090683,NaN,NaN,NaN,NaN,NaN,NaN
2024-08-06T19:03:32.101785,NaN,NaN,NaN,NaN,NaN,NaN
2024-08-06T19:03:32.113056,NaN,NaN,NaN,NaN,NaN,NaN
2024-08-06T19:03:32.124914,NaN,NaN,NaN,NaN,NaN,NaN
2024-08-06T19:03:32.137940,NaN,NaN,NaN,NaN,NaN,NaN
2024-08-06T19:03:32.148911,NaN,NaN,NaN,NaN,NaN,NaN
2024-08-06T19:03:32.160100,NaN,NaN,NaN,NaN,NaN,NaN
2024-08-06T19:03:32.171173,NaN,NaN,NaN,NaN,NaN,NaN
2024-08-06T19:03:32.182531,NaN,NaN,NaN,NaN,NaN,NaN
2024-08-06T19:03:32.195001,NaN,NaN,NaN,NaN,NaN,NaN
2024-08-06T19:03:32.207969,NaN,NaN,NaN,NaN,NaN,NaN
2024-08-06T19:03:32.218900,NaN,NaN,NaN,NaN,NaN,NaN
2024-08-06T19:03:32.229988,NaN,NaN,NaN,NaN,NaN,NaN
2024-08-06T19:03:32.241097,NaN,NaN,NaN,NaN,NaN,NaN
2024-08-06T19:03:32.252197,NaN,NaN,NaN,NaN,NaN,NaN
2024-08-06T19:03:32.263615,NaN,NaN,NaN,NaN,NaN,NaN
2024-08-06T19:03:32.275415,NaN,NaN,NaN,NaN,NaN,NaN
2024-08-06T19:03:32.287994,NaN,NaN,NaN,NaN,NaN,NaN
2024-08-06T19:03:32.299244,NaN,NaN,NaN,NaN,NaN,NaN
2024-08-06T19:03:32.310343,NaN,NaN,NaN,NaN,NaN,NaN
2024-08-06T19:03:32.321574,NaN,NaN,NaN,NaN,NaN,NaN
2024-08-06T19:03:32.333323,NaN,NaN,NaN,NaN,NaN,NaN
2024-08-06T19:03:32.345435,NaN,NaN,NaN,NaN,NaN,NaN
2024-08-06T19:03:32.358109,NaN,NaN,NaN,NaN,NaN,NaN
2024-08-06T19:03:32.369195,NaN,NaN,NaN,NaN,NaN,NaN
2024-08-06T19:03:32.380563,NaN,NaN,NaN,NaN,NaN,NaN
2024-08-06T19:03:32.391945,NaN,NaN,NaN,NaN,NaN,NaN
2024-08-06T19:03:32.404251,NaN,NaN,NaN,NaN,NaN,NaN
2024-08-06T19:03:32.417540,NaN,NaN,NaN,NaN,NaN,NaN
2024-08-06T19:03:32.428547,NaN,NaN,NaN,NaN,NaN,NaN
2024-08-06T19:03:32.439646,NaN,NaN,NaN,NaN,NaN,NaN
2024-08-06T19:03:32.451067,NaN,NaN,NaN,NaN,NaN,NaN
2024-08-06T19:03:32.462641,NaN,NaN,NaN,NaN,NaN,NaN
2024-08-06T19:03:32.474353,NaN,NaN,NaN,NaN,NaN,NaN
2024-08-06T19:03:32.488038,NaN,NaN,NaN,NaN,NaN,NaN
2024-08-06T19:03:32.499203,NaN,NaN,NaN,NaN,NaN,NaN
2024-08-06T19:03:32.510823,NaN,NaN,NaN,NaN,NaN,NaN
2024-08-06T19:03:32.521910,NaN,NaN,NaN,NaN,NaN,NaN
2024-08-06T19:03:32.533143,NaN,NaN,NaN,NaN,NaN,NaN
2024-08-06T19:03:32.544769,NaN,NaN,NaN,NaN,NaN,NaN
2024-08-06T19:03:32.557449,NaN,NaN,NaN,NaN,NaN,NaN
2024-08-06T19:03:32.568407,NaN,NaN,NaN,NaN,NaN,NaN
2024-08-06T19:03:32.579393,NaN,NaN,NaN,NaN,NaN,NaN
2024-08-06T19:03:32.590642,NaN,NaN,NaN,NaN,NaN,NaN
2024-08-06T19:03:32.601893,NaN,NaN,NaN,NaN,NaN,NaN
2024-08-06T19:03:32.613197,NaN,NaN,NaN,NaN,NaN,NaN
2024-08-06T19:03:32.624980,NaN,NaN,NaN,NaN,NaN,NaN
2024-08-06T19:03:32.637387,NaN,NaN,NaN,NaN,NaN,NaN
2024-08-06T19:03:32.648279,NaN,NaN,NaN,NaN,NaN,NaN
2024-08-06T19:03:32.659245,NaN,NaN,NaN,NaN,NaN,NaN
2024-08-06T19:03:32.670410,NaN,NaN,NaN,NaN,NaN,NaN
2024-08-06T19:03:32.681630,NaN,NaN,NaN,NaN,NaN,NaN
2024-08-06T19:03:32.694283,NaN,NaN,NaN,NaN,NaN,NaN
2024-08-06T19:03:32.706778,NaN,NaN,NaN,NaN,NaN,NaN
2024-08-06T19:03:32.717831,NaN,NaN,NaN,NaN,NaN,NaN
2024-08-06T19:03:32.729061,NaN,NaN,NaN,NaN,NaN,NaN
2024-08-06T19:03:32.740454,NaN,NaN,NaN,NaN,NaN,NaN
2024-08-06T19:03:32.751562,NaN,NaN,NaN,NaN,NaN,NaN
2024-08-06T19:03:32.763144,NaN,NaN,NaN,NaN,NaN,NaN
2024-08-06T19:03:32.775172,NaN,NaN,NaN,NaN,NaN,NaN
2024-08-06T19:03:32.787038,NaN,NaN,NaN,NaN,NaN,NaN
2024-08-06T19:03:32.798088,NaN,NaN,NaN,NaN,NaN,NaN
2024-08-06T19:03:32.809194,NaN,NaN,NaN,NaN,NaN,NaN
2024-08-06T19:03:32.820275,NaN,NaN,NaN,NaN,NaN,NaN
2024-08-06T19:03:32.831312,NaN,NaN,NaN,NaN,NaN,NaN
2024-08-06T19:03:32.842737,NaN,NaN,NaN,NaN,NaN,NaN
2024-08-06T19:03:32.854706,NaN,NaN,NaN,NaN,NaN,NaN
2024-08-06T19:03:32.866825,NaN,NaN,NaN,NaN,NaN,NaN
2024-08-06T19:03:32.877820,NaN,NaN,NaN,NaN,NaN,NaN
2024-08-06T19:03:32.889020,NaN,NaN,NaN,NaN,NaN,NaN
2024-08-06T19:03:32.900795,NaN,NaN,NaN,NaN,NaN,NaN
2024-08-06T19:03:32.912144,NaN,NaN,NaN,NaN,NaN,NaN
2024-08-06T19:03:32.923880,NaN,NaN,NaN,NaN,NaN,NaN
2024-08-06T19:03:32.936599,NaN,NaN,NaN,NaN,NaN,NaN
2024-08-06T19:03:32.947815,NaN,NaN,NaN,NaN,NaN,NaN
2024-08-06T19:03:32.958794,NaN,NaN,NaN,NaN,NaN,NaN
2024-08-06T19:03:32.969885,NaN,NaN,NaN,NaN,NaN,NaN
2024-08-06T19:03:32.981057,NaN,NaN,NaN,NaN,NaN,NaN
2024-08-06T19:03:32.992598,NaN,NaN,NaN,NaN,NaN,NaN
2024-08-06T19:03:33.005386,NaN,NaN,NaN,NaN,NaN,NaN
2024-08-06T19:03:33.017072,NaN,NaN,NaN,NaN,NaN,NaN
2024-08-06T19:03:33.028354,NaN,NaN,NaN,NaN,NaN,NaN
2024-08-06T19:03:33.040050,NaN,NaN,NaN,NaN,NaN,NaN
2024-08-06T19:03:33.051791,NaN,NaN,NaN,NaN,NaN,NaN
2024-08-06T19:03:33.065761,NaN,NaN,NaN,NaN,NaN,NaN
2024-08-06T19:03:33.077992,NaN,NaN,NaN,NaN,NaN,NaN
2024-08-06T19:03:33.090096,NaN,NaN,NaN,NaN,NaN,NaN
2024-08-06T19:03:33.102067,NaN,NaN,NaN,NaN,NaN,NaN
2024-08-06T19:03:33.115202,NaN,NaN,NaN,NaN,NaN,NaN
2024-08-06T19:03:33.127621,NaN,NaN,NaN,NaN,NaN,NaN
2024-08-06T19:03:33.139427,NaN,NaN,NaN,NaN,NaN,NaN
2024-08-06T19:03:33.151753,NaN,NaN,NaN,NaN,NaN,NaN
2024-08-06T19:03:33.164319,NaN,NaN,NaN,NaN,NaN,NaN
2024-08-06T19:03:33.176891,NaN,NaN,NaN,NaN,NaN,NaN
2024-08-06T19:03:33.188625,NaN,NaN,NaN,NaN,NaN,NaN
2024-08-06T19:03:33.200331,NaN,NaN,NaN,NaN,NaN,NaN
2024-08-06T19:03:33.212183,NaN,NaN,NaN,NaN,NaN,NaN
2024-08-06T19:03:33.226151,NaN,NaN,NaN,NaN,NaN,NaN
2024-08-06T19:03:33.237735,NaN,NaN,NaN,NaN,NaN,NaN
2024-08-06T19:03:33.249198,NaN,NaN,NaN,NaN,NaN,NaN
2024-08-06T19:03:33.260766,NaN,NaN,NaN,NaN,NaN,NaN
2024-08-06T19:03:33.272787,NaN,NaN,NaN,NaN,NaN,NaN
2024-08-06T19:03:33.286283,NaN,NaN,NaN,NaN,NaN,NaN
2024-08-06T19:03:33.298529,NaN,NaN,NaN,NaN,NaN,NaN
2024-08-06T19:03:33.310039,NaN,NaN,NaN,NaN,NaN,NaN
2024-08-06T19:03:33.322033,NaN,NaN,NaN,NaN,NaN,NaN
2024-08-06T19:03:33.335692,NaN,NaN,NaN,NaN,NaN,NaN
2024-08-06T19:03:33.347085,NaN,NaN,NaN,NaN,NaN,NaN
2024-08-06T19:03:33.358546,NaN,NaN,NaN,NaN,NaN,NaN
2024-08-06T19:03:33.370289,NaN,NaN,NaN,NaN,NaN,NaN
2024-08-06T19:03:33.382292,NaN,NaN,NaN,NaN,NaN,NaN
2024-08-06T19:03:33.395768,NaN,NaN,NaN,NaN,NaN,NaN
2024-08-06T19:03:33.407254,NaN,NaN,NaN,NaN,NaN,NaN
2024-08-06T19:03:33.418806,NaN,NaN,NaN,NaN,NaN,NaN
2024-08-06T19:03:33.430389,NaN,NaN,NaN,NaN,NaN,NaN
2024-08-06T19:03:33.442558,NaN,NaN,NaN,NaN,NaN,NaN
2024-08-06T19:03:33.455472,NaN,NaN,NaN,NaN,NaN,NaN
2024-08-06T19:03:33.466795,NaN,NaN,NaN,NaN,NaN,NaN
2024-08-06T19:03:33.478202,NaN,NaN,NaN,NaN,NaN,NaN
2024-08-06T19:03:33.489916,NaN,NaN,NaN,NaN,NaN,NaN
2024-08-06T19:03:33.501951,NaN,NaN,NaN,NaN,NaN,NaN
2024-08-06T19:03:33.515490,NaN,NaN,NaN,NaN,NaN,NaN
2024-08-06T19:03:33.527328,NaN,NaN,NaN,NaN,NaN,NaN
2024-08-06T19:03:33.539070,NaN,NaN,NaN,NaN,NaN,NaN
2024-08-06T19:03:33.550774,NaN,NaN,NaN,NaN,NaN,NaN
2024-08-06T19:03:33.563101,NaN,NaN,NaN,NaN,NaN,NaN
2024-08-06T19:03:33.575982,NaN,NaN,NaN,NaN,NaN,NaN
2024-08-06T19:03:33.587576,NaN,NaN,NaN,NaN,NaN,NaN
2024-08-06T19:03:33.607605,NaN,NaN,NaN,NaN,NaN,NaN
2024-08-06T19:03:33.619131,NaN,NaN,NaN,NaN,NaN,NaN
2024-08-06T19:03:33.631009,NaN,NaN,NaN,NaN,NaN,NaN
2024-08-06T19:03:33.643135,NaN,NaN,NaN,NaN,NaN,NaN
2024-08-06T19:03:33.655751,NaN,NaN,NaN,NaN,NaN,NaN
2024-08-06T19:03:33.675704,NaN,NaN,NaN,NaN,NaN,NaN
2024-08-06T19:03:33.687016,NaN,NaN,NaN,NaN,NaN,NaN
2024-08-06T19:03:33.699422,NaN,NaN,NaN,NaN,NaN,NaN
2024-08-06T19:03:33.711216,NaN,NaN,NaN,NaN,NaN,NaN
2024-08-06T19:03:33.723668,NaN,NaN,NaN,NaN,NaN,NaN
2024-08-06T19:03:33.735598,NaN,NaN,NaN,NaN,NaN,NaN
2024-08-06T19:03:33.747194,NaN,NaN,NaN,NaN,NaN,NaN
2024-08-06T19:03:33.759089,NaN,NaN,NaN,NaN,NaN,NaN
2024-08-06T19:03:33.771383,NaN,NaN,NaN,NaN,NaN,NaN
2024-08-06T19:03:33.785047,NaN,NaN,NaN,NaN,NaN,NaN
2024-08-06T19:03:33.796389,NaN,NaN,NaN,NaN,NaN,NaN
2024-08-06T19:03:33.807774,NaN,NaN,NaN,NaN,NaN,NaN
2024-08-06T19:03:33.819282,NaN,NaN,NaN,NaN,NaN,NaN
2024-08-06T19:03:33.830972,NaN,NaN,NaN,NaN,NaN,NaN
2024-08-06T19:03:33.843196,NaN,NaN,NaN,NaN,NaN,NaN
2024-08-06T19:03:33.855563,NaN,NaN,NaN,NaN,NaN,NaN
2024-08-06T19:03:33.867628,NaN,NaN,NaN,NaN,NaN,NaN
2024-08-06T19:03:33.879280,NaN,NaN,NaN,NaN,NaN,NaN
2024-08-06T19:03:33.890944,NaN,NaN,NaN,NaN,NaN,NaN
2024-08-06T19:03:33.904556,NaN,NaN,NaN,NaN,NaN,NaN
2024-08-06T19:03:33.915998,NaN,NaN,NaN,NaN,NaN,NaN
2024-08-06T19:03:33.927486,NaN,NaN,NaN,NaN,NaN,NaN
2024-08-06T19:03:33.939077,NaN,NaN,NaN,NaN,NaN,NaN
2024-08-06T19:03:33.951940,NaN,NaN,NaN,NaN,NaN,NaN
2024-08-06T19:03:33.965340,NaN,NaN,NaN,NaN,NaN,NaN
2024-08-06T19:03:33.976650,NaN,NaN,NaN,NaN,NaN,NaN
2024-08-06T19:03:33.988072,NaN,NaN,NaN,NaN,NaN,NaN
2024-08-06T19:03:33.999667,NaN,NaN,NaN,NaN,NaN,NaN
2024-08-06T19:03:34.011557,NaN,NaN,NaN,NaN,NaN,NaN
2024-08-06T19:03:34.025061,NaN,NaN,NaN,NaN,NaN,NaN
2024-08-06T19:03:34.036926,NaN,NaN,NaN,NaN,NaN,NaN
2024-08-06T19:03:34.048692,NaN,NaN,NaN,NaN,NaN,NaN
2024-08-06T19:03:34.060507,NaN,NaN,NaN,NaN,NaN,NaN
2024-08-06T19:03:34.073990,NaN,NaN,NaN,NaN,NaN,NaN
2024-08-06T19:03:34.086979,NaN,NaN,NaN,NaN,NaN,NaN
2024-08-06T19:03:34.098801,NaN,NaN,NaN,NaN,NaN,NaN
2024-08-06T19:03:34.111088,NaN,NaN,NaN,NaN,NaN,NaN
2024-08-06T19:03:34.124308,NaN,NaN,NaN,NaN,NaN,NaN
2024-08-06T19:03:34.136305,NaN,NaN,NaN,NaN,NaN,NaN
2024-08-06T19:03:34.148546,NaN,NaN,NaN,NaN,NaN,NaN
2024-08-06T19:03:34.175584,NaN,NaN,NaN,NaN,NaN,NaN
2024-08-06T19:03:34.195600,NaN,NaN,NaN,NaN,NaN,NaN
2024-08-06T19:03:34.219603,NaN,NaN,NaN,NaN,NaN,NaN
2024-08-06T19:03:34.232170,NaN,NaN,NaN,NaN,NaN,NaN
2024-08-06T19:03:34.255611,NaN,NaN,NaN,NaN,NaN,NaN
2024-08-06T19:03:34.275596,NaN,NaN,NaN,NaN,NaN,NaN
2024-08-06T19:03:34.295613,NaN,NaN,NaN,NaN,NaN,NaN
2024-08-06T19:03:34.308551,NaN,NaN,NaN,NaN,NaN,NaN
2024-08-06T19:03:34.332106,NaN,NaN,NaN,NaN,NaN,NaN
2024-08-06T19:03:34.355810,NaN,NaN,NaN,NaN,NaN,NaN
2024-08-06T19:03:34.375618,NaN,NaN,NaN,NaN,NaN,NaN
2024-08-06T19:03:34.395825,NaN,NaN,NaN,NaN,NaN,NaN
2024-08-06T19:03:34.415827,NaN,NaN,NaN,NaN,NaN,NaN
2024-08-06T19:03:34.435827,NaN,NaN,NaN,NaN,NaN,NaN
2024-08-06T19:03:34.449162,NaN,NaN,NaN,NaN,NaN,NaN
2024-08-06T19:03:34.475628,NaN,NaN,NaN,NaN,NaN,NaN
2024-08-06T19:03:34.488364,NaN,NaN,NaN,NaN,NaN,NaN
2024-08-06T19:03:34.515751,NaN,NaN,NaN,NaN,NaN,NaN
2024-08-06T19:03:34.535656,NaN,NaN,NaN,NaN,NaN,NaN
2024-08-06T19:03:34.555650,NaN,NaN,NaN,NaN,NaN,NaN
2024-08-06T19:03:34.568560,NaN,NaN,NaN,NaN,NaN,NaN
2024-08-06T19:03:34.595781,NaN,NaN,NaN,NaN,NaN,NaN
2024-08-06T19:03:34.615677,NaN,NaN,NaN,NaN,NaN,NaN
2024-08-06T19:03:34.635643,NaN,NaN,NaN,NaN,NaN,NaN
2024-08-06T19:03:34.655655,NaN,NaN,NaN,NaN,NaN,NaN
2024-08-06T19:03:34.675662,NaN,NaN,NaN,NaN,NaN,NaN
2024-08-06T19:03:34.695665,NaN,NaN,NaN,NaN,NaN,NaN
2024-08-06T19:03:34.715725,NaN,NaN,NaN,NaN,NaN,NaN
2024-08-06T19:03:34.735667,NaN,NaN,NaN,NaN,NaN,NaN
2024-08-06T19:03:34.759578,NaN,NaN,NaN,NaN,NaN,NaN
2024-08-06T19:03:34.773473,NaN,NaN,NaN,NaN,NaN,NaN
2024-08-06T19:03:34.799720,NaN,NaN,NaN,NaN,NaN,NaN
2024-08-06T19:03:34.813104,NaN,NaN,NaN,NaN,NaN,NaN
2024-08-06T19:03:34.839744,NaN,NaN,NaN,NaN,NaN,NaN
2024-08-06T19:03:34.853569,NaN,NaN,NaN,NaN,NaN,NaN
2024-08-06T19:03:34.875686,NaN,NaN,NaN,NaN,NaN,NaN
2024-08-06T19:03:34.895695,NaN,NaN,NaN,NaN,NaN,NaN
2024-08-06T19:03:34.915708,NaN,NaN,NaN,NaN,NaN,NaN
2024-08-06T19:03:34.935694,NaN,NaN,NaN,NaN,NaN,NaN
2024-08-06T19:03:34.955705,NaN,NaN,NaN,NaN,NaN,NaN
2024-08-06T19:03:34.975709,NaN,NaN,NaN,NaN,NaN,NaN
2024-08-06T19:03:34.995700,NaN,NaN,NaN,NaN,NaN,NaN
2024-08-06T19:03:35.020039,NaN,NaN,NaN,NaN,NaN,NaN
2024-08-06T19:03:35.033054,NaN,NaN,NaN,NaN,NaN,NaN
2024-08-06T19:03:35.055716,NaN,NaN,NaN,NaN,NaN,NaN
2024-08-06T19:03:35.075713,NaN,NaN,NaN,NaN,NaN,NaN
2024-08-06T19:03:35.095727,NaN,NaN,NaN,NaN,NaN,NaN
2024-08-06T19:03:35.119785,NaN,NaN,NaN,NaN,NaN,NaN
2024-08-06T19:03:35.132922,NaN,NaN,NaN,NaN,NaN,NaN
2024-08-06T19:03:35.159801,NaN,NaN,NaN,NaN,NaN,NaN
2024-08-06T19:03:35.172867,NaN,NaN,NaN,NaN,NaN,NaN
2024-08-06T19:03:35.195734,NaN,NaN,NaN,NaN,NaN,NaN
2024-08-06T19:03:35.215786,NaN,NaN,NaN,NaN,NaN,NaN
2024-08-06T19:03:35.235771,NaN,NaN,NaN,NaN,NaN,NaN
2024-08-06T19:03:35.255739,NaN,NaN,NaN,NaN,NaN,NaN
2024-08-06T19:03:35.280834,NaN,NaN,NaN,NaN,NaN,NaN
2024-08-06T19:03:35.293239,NaN,NaN,NaN,NaN,NaN,NaN
2024-08-06T19:03:35.315746,NaN,NaN,NaN,NaN,NaN,NaN
2024-08-06T19:03:35.339873,NaN,NaN,NaN,NaN,NaN,NaN
2024-08-06T19:03:35.352619,NaN,NaN,NaN,NaN,NaN,NaN
2024-08-06T19:03:35.375772,NaN,NaN,NaN,NaN,NaN,NaN
2024-08-06T19:03:35.395756,NaN,NaN,NaN,NaN,NaN,NaN
2024-08-06T19:03:35.419848,NaN,NaN,NaN,NaN,NaN,NaN
2024-08-06T19:03:35.432573,NaN,NaN,NaN,NaN,NaN,NaN
2024-08-06T19:03:35.459964,NaN,NaN,NaN,NaN,NaN,NaN
2024-08-06T19:03:35.473042,NaN,NaN,NaN,NaN,NaN,NaN
2024-08-06T19:03:35.495836,NaN,NaN,NaN,NaN,NaN,NaN
2024-08-06T19:03:35.520018,NaN,NaN,NaN,NaN,NaN,NaN
2024-08-06T19:03:35.543534,NaN,NaN,NaN,NaN,NaN,NaN
2024-08-06T19:03:35.563542,NaN,NaN,NaN,NaN,NaN,NaN
2024-08-06T19:03:35.583546,NaN,NaN,NaN,NaN,NaN,NaN
2024-08-06T19:03:35.596157,NaN,NaN,NaN,NaN,NaN,NaN
2024-08-06T19:03:35.623674,NaN,NaN,NaN,NaN,NaN,NaN
2024-08-06T19:03:35.643756,NaN,NaN,NaN,NaN,NaN,NaN
2024-08-06T19:03:35.655990,NaN,NaN,NaN,NaN,NaN,NaN
2024-08-06T19:03:35.675859,NaN,NaN,NaN,NaN,NaN,NaN
2024-08-06T19:03:35.699679,NaN,NaN,NaN,NaN,NaN,NaN
2024-08-06T19:03:35.723560,NaN,NaN,NaN,NaN,NaN,NaN
2024-08-06T19:03:35.743585,NaN,NaN,NaN,NaN,NaN,NaN
2024-08-06T19:03:35.757050,NaN,NaN,NaN,NaN,NaN,NaN
2024-08-06T19:03:35.779852,NaN,NaN,NaN,NaN,NaN,NaN
2024-08-06T19:03:35.803575,NaN,NaN,NaN,NaN,NaN,NaN
2024-08-06T19:03:35.815764,NaN,NaN,NaN,NaN,NaN,NaN
2024-08-06T19:03:35.839743,NaN,NaN,NaN,NaN,NaN,NaN
2024-08-06T19:03:35.863576,NaN,NaN,NaN,NaN,NaN,NaN
2024-08-06T19:03:35.883573,NaN,NaN,NaN,NaN,NaN,NaN
2024-08-06T19:03:35.903586,NaN,NaN,NaN,NaN,NaN,NaN
2024-08-06T19:03:35.923579,NaN,NaN,NaN,NaN,NaN,NaN
2024-08-06T19:03:35.943595,NaN,NaN,NaN,NaN,NaN,NaN
2024-08-06T19:03:35.967611,NaN,NaN,NaN,NaN,NaN,NaN
2024-08-06T19:03:35.981143,NaN,NaN,NaN,NaN,NaN,NaN
2024-08-06T19:03:36.007619,NaN,NaN,NaN,NaN,NaN,NaN
2024-08-06T19:03:36.021180,NaN,NaN,NaN,NaN,NaN,NaN
2024-08-06T19:03:36.043596,NaN,NaN,NaN,NaN,NaN,NaN
2024-08-06T19:03:36.067648,NaN,NaN,NaN,NaN,NaN,NaN
2024-08-06T19:03:36.080312,NaN,NaN,NaN,NaN,NaN,NaN
2024-08-06T19:03:36.107707,NaN,NaN,NaN,NaN,NaN,NaN
2024-08-06T19:03:36.121376,NaN,NaN,NaN,NaN,NaN,NaN
2024-08-06T19:03:36.147718,NaN,NaN,NaN,NaN,NaN,NaN
2024-08-06T19:03:36.161339,NaN,NaN,NaN,NaN,NaN,NaN
2024-08-06T19:03:36.183614,NaN,NaN,NaN,NaN,NaN,NaN
2024-08-06T19:03:36.203620,NaN,NaN,NaN,NaN,NaN,NaN
2024-08-06T19:03:36.223621,NaN,NaN,NaN,NaN,NaN,NaN
2024-08-06T19:03:36.243632,NaN,NaN,NaN,NaN,NaN,NaN
2024-08-06T19:03:36.263652,NaN,NaN,NaN,NaN,NaN,NaN
2024-08-06T19:03:36.283635,NaN,NaN,NaN,NaN,NaN,NaN
2024-08-06T19:03:36.303634,NaN,NaN,NaN,NaN,NaN,NaN
2024-08-06T19:03:36.323635,NaN,NaN,NaN,NaN,NaN,NaN
2024-08-06T19:03:36.343662,NaN,NaN,NaN,NaN,NaN,NaN
2024-08-06T19:03:36.363656,NaN,NaN,NaN,NaN,NaN,NaN
2024-08-06T19:03:36.383655,NaN,NaN,NaN,NaN,NaN,NaN
2024-08-06T19:03:36.403654,NaN,NaN,NaN,NaN,NaN,NaN
2024-08-06T19:03:36.423654,NaN,NaN,NaN,NaN,NaN,NaN
2024-08-06T19:03:36.443661,NaN,NaN,NaN,NaN,NaN,NaN
2024-08-06T19:03:36.463659,NaN,NaN,NaN,NaN,NaN,NaN
2024-08-06T19:03:36.483696,NaN,NaN,NaN,NaN,NaN,NaN
2024-08-06T19:03:36.503730,NaN,NaN,NaN,NaN,NaN,NaN
2024-08-06T19:03:36.523681,NaN,NaN,NaN,NaN,NaN,NaN
2024-08-06T19:03:36.543684,NaN,NaN,NaN,NaN,NaN,NaN
2024-08-06T19:03:36.563674,NaN,NaN,NaN,NaN,NaN,NaN
2024-08-06T19:03:36.587996,NaN,NaN,NaN,NaN,NaN,NaN
2024-08-06T19:03:36.601574,NaN,NaN,NaN,NaN,NaN,NaN
2024-08-06T19:03:36.627713,NaN,NaN,NaN,NaN,NaN,NaN
2024-08-06T19:03:36.641131,NaN,NaN,NaN,NaN,NaN,NaN
2024-08-06T19:03:36.663693,NaN,NaN,NaN,NaN,NaN,NaN
2024-08-06T19:03:36.687608,NaN,NaN,NaN,NaN,NaN,NaN
2024-08-06T19:03:36.700287,NaN,NaN,NaN,NaN,NaN,NaN
2024-08-06T19:03:36.719854,NaN,NaN,NaN,NaN,NaN,NaN
2024-08-06T19:03:36.743962,NaN,NaN,NaN,NaN,NaN,NaN
2024-08-06T19:03:36.763784,NaN,NaN,NaN,NaN,NaN,NaN
2024-08-06T19:03:36.783695,NaN,NaN,NaN,NaN,NaN,NaN
2024-08-06T19:03:36.807722,NaN,NaN,NaN,NaN,NaN,NaN
2024-08-06T19:03:36.820145,NaN,NaN,NaN,NaN,NaN,NaN
2024-08-06T19:03:36.839908,NaN,NaN,NaN,NaN,NaN,NaN
2024-08-06T19:03:36.859897,NaN,NaN,NaN,NaN,NaN,NaN
2024-08-06T19:03:36.879887,NaN,NaN,NaN,NaN,NaN,NaN
2024-08-06T19:03:36.899895,NaN,NaN,NaN,NaN,NaN,NaN
2024-08-06T19:03:36.919886,NaN,NaN,NaN,NaN,NaN,NaN
2024-08-06T19:03:36.939867,NaN,NaN,NaN,NaN,NaN,NaN
2024-08-06T19:03:36.959887,NaN,NaN,NaN,NaN,NaN,NaN
2024-08-06T19:03:36.979888,NaN,NaN,NaN,NaN,NaN,NaN
2024-08-06T19:03:36.999875,NaN,NaN,NaN,NaN,NaN,NaN
2024-08-06T19:03:38.199914,NaN,NaN,NaN,NaN,NaN,NaN
2024-08-06T19:03:38.219908,NaN,NaN,NaN,NaN,NaN,NaN
2024-08-06T19:03:38.239874,NaN,NaN,NaN,NaN,NaN,NaN
2024-08-06T19:03:38.259922,NaN,NaN,NaN,NaN,NaN,NaN
2024-08-06T19:03:38.279976,NaN,NaN,NaN,NaN,NaN,NaN
2024-08-06T19:03:38.303826,NaN,NaN,NaN,NaN,NaN,NaN
2024-08-06T19:03:38.327647,NaN,NaN,NaN,NaN,NaN,NaN
2024-08-06T19:03:38.347666,NaN,NaN,NaN,NaN,NaN,NaN
2024-08-06T19:03:38.367654,NaN,NaN,NaN,NaN,NaN,NaN
2024-08-06T19:03:38.391644,NaN,NaN,NaN,NaN,NaN,NaN
2024-08-06T19:03:38.403837,NaN,NaN,NaN,NaN,NaN,NaN
2024-08-06T19:03:38.427651,NaN,NaN,NaN,NaN,NaN,NaN
2024-08-06T19:03:38.447661,NaN,NaN,NaN,NaN,NaN,NaN
2024-08-06T19:03:38.467676,NaN,NaN,NaN,NaN,NaN,NaN
2024-08-06T19:03:38.487663,NaN,NaN,NaN,NaN,NaN,NaN
2024-08-06T19:03:38.507651,NaN,NaN,NaN,NaN,NaN,NaN
2024-08-06T19:03:38.527692,NaN,NaN,NaN,NaN,NaN,NaN
2024-08-06T19:03:38.547678,NaN,NaN,NaN,NaN,NaN,NaN
2024-08-06T19:03:38.567662,NaN,NaN,NaN,NaN,NaN,NaN
2024-08-06T19:03:38.587667,NaN,NaN,NaN,NaN,NaN,NaN
2024-08-06T19:03:38.607669,NaN,NaN,NaN,NaN,NaN,NaN
2024-08-06T19:03:38.627663,NaN,NaN,NaN,NaN,NaN,NaN
2024-08-06T19:03:38.647702,NaN,NaN,NaN,NaN,NaN,NaN
2024-08-06T19:03:38.667670,NaN,NaN,NaN,NaN,NaN,NaN
2024-08-06T19:03:38.691671,NaN,NaN,NaN,NaN,NaN,NaN
2024-08-06T19:03:38.703850,NaN,NaN,NaN,NaN,NaN,NaN
2024-08-06T19:03:38.731707,NaN,NaN,NaN,NaN,NaN,NaN
2024-08-06T19:03:38.744317,NaN,NaN,NaN,NaN,NaN,NaN
2024-08-06T19:03:38.767706,NaN,NaN,NaN,NaN,NaN,NaN
2024-08-06T19:03:38.787903,NaN,NaN,NaN,NaN,NaN,NaN
2024-08-06T19:03:38.807891,NaN,NaN,NaN,NaN,NaN,NaN
2024-08-06T19:03:38.835587,NaN,NaN,NaN,NaN,NaN,NaN
2024-08-06T19:03:38.847243,NaN,NaN,NaN,NaN,NaN,NaN
2024-08-06T19:03:38.867712,NaN,NaN,NaN,NaN,NaN,NaN
2024-08-06T19:03:38.887724,NaN,NaN,NaN,NaN,NaN,NaN
2024-08-06T19:03:38.907715,NaN,NaN,NaN,NaN,NaN,NaN
2024-08-06T19:03:38.927714,NaN,NaN,NaN,NaN,NaN,NaN
2024-08-06T19:03:38.947733,NaN,NaN,NaN,NaN,NaN,NaN
2024-08-06T19:03:38.967722,NaN,NaN,NaN,NaN,NaN,NaN
2024-08-06T19:03:38.987732,NaN,NaN,NaN,NaN,NaN,NaN
2024-08-06T19:03:39.007735,NaN,NaN,NaN,NaN,NaN,NaN
2024-08-06T19:03:39.031848,NaN,NaN,NaN,NaN,NaN,NaN
2024-08-06T19:03:39.044591,NaN,NaN,NaN,NaN,NaN,NaN
2024-08-06T19:03:39.071795,NaN,NaN,NaN,NaN,NaN,NaN
2024-08-06T19:03:39.085768,NaN,NaN,NaN,NaN,NaN,NaN
2024-08-06T19:03:39.107738,NaN,NaN,NaN,NaN,NaN,NaN
2024-08-06T19:03:39.127768,NaN,NaN,NaN,NaN,NaN,NaN
2024-08-06T19:03:39.147799,NaN,NaN,NaN,NaN,NaN,NaN
2024-08-06T19:03:39.171680,NaN,NaN,NaN,NaN,NaN,NaN
2024-08-06T19:03:39.185132,NaN,NaN,NaN,NaN,NaN,NaN
2024-08-06T19:03:39.207810,NaN,NaN,NaN,NaN,NaN,NaN
2024-08-06T19:03:39.227757,NaN,NaN,NaN,NaN,NaN,NaN
2024-08-06T19:03:39.251829,NaN,NaN,NaN,NaN,NaN,NaN
2024-08-06T19:03:39.265322,NaN,NaN,NaN,NaN,NaN,NaN
2024-08-06T19:03:39.287850,NaN,NaN,NaN,NaN,NaN,NaN
2024-08-06T19:03:39.311687,NaN,NaN,NaN,NaN,NaN,NaN
2024-08-06T19:03:39.324292,NaN,NaN,NaN,NaN,NaN,NaN
2024-08-06T19:03:39.347857,NaN,NaN,NaN,NaN,NaN,NaN
2024-08-06T19:03:39.371914,NaN,NaN,NaN,NaN,NaN,NaN
2024-08-06T19:03:39.395539,NaN,NaN,NaN,NaN,NaN,NaN
2024-08-06T19:03:39.415551,NaN,NaN,NaN,NaN,NaN,NaN
2024-08-06T19:03:39.435547,NaN,NaN,NaN,NaN,NaN,NaN
2024-08-06T19:03:39.455548,NaN,NaN,NaN,NaN,NaN,NaN
2024-08-06T19:03:39.475548,NaN,NaN,NaN,NaN,NaN,NaN
2024-08-06T19:03:39.495557,NaN,NaN,NaN,NaN,NaN,NaN
2024-08-06T19:03:39.519556,NaN,NaN,NaN,NaN,NaN,NaN
2024-08-06T19:03:39.531591,NaN,NaN,NaN,NaN,NaN,NaN
2024-08-06T19:03:39.559558,NaN,NaN,NaN,NaN,NaN,NaN
2024-08-06T19:03:39.571898,NaN,NaN,NaN,NaN,NaN,NaN
2024-08-06T19:03:39.595574,NaN,NaN,NaN,NaN,NaN,NaN
2024-08-06T19:03:39.615572,NaN,NaN,NaN,NaN,NaN,NaN
2024-08-06T19:03:39.635591,NaN,NaN,NaN,NaN,NaN,NaN
2024-08-06T19:03:39.648244,NaN,NaN,NaN,NaN,NaN,NaN
2024-08-06T19:03:39.671796,NaN,NaN,NaN,NaN,NaN,NaN
2024-08-06T19:03:39.695575,NaN,NaN,NaN,NaN,NaN,NaN
2024-08-06T19:03:39.715578,NaN,NaN,NaN,NaN,NaN,NaN
2024-08-06T19:03:39.735590,NaN,NaN,NaN,NaN,NaN,NaN
2024-08-06T19:03:39.755588,NaN,NaN,NaN,NaN,NaN,NaN
2024-08-06T19:03:39.775591,NaN,NaN,NaN,NaN,NaN,NaN
2024-08-06T19:03:39.795605,NaN,NaN,NaN,NaN,NaN,NaN
2024-08-06T19:03:39.815598,NaN,NaN,NaN,NaN,NaN,NaN
2024-08-06T19:03:39.835601,NaN,NaN,NaN,NaN,NaN,NaN
2024-08-06T19:03:39.855597,NaN,NaN,NaN,NaN,NaN,NaN
2024-08-06T19:03:39.875608,NaN,NaN,NaN,NaN,NaN,NaN
2024-08-06T19:03:39.895608,NaN,NaN,NaN,NaN,NaN,NaN
2024-08-06T19:03:39.915600,NaN,NaN,NaN,NaN,NaN,NaN
2024-08-06T19:03:39.935610,NaN,NaN,NaN,NaN,NaN,NaN
2024-08-06T19:03:39.955612,NaN,NaN,NaN,NaN,NaN,NaN
2024-08-06T19:03:39.975616,NaN,NaN,NaN,NaN,NaN,NaN
2024-08-06T19:03:39.995623,NaN,NaN,NaN,NaN,NaN,NaN
2024-08-06T19:03:40.015614,NaN,NaN,NaN,NaN,NaN,NaN
2024-08-06T19:03:40.035625,NaN,NaN,NaN,NaN,NaN,NaN
2024-08-06T19:03:40.055623,NaN,NaN,NaN,NaN,NaN,NaN
2024-08-06T19:03:40.068582,NaN,NaN,NaN,NaN,NaN,NaN
2024-08-06T19:03:40.092058,NaN,NaN,NaN,NaN,NaN,NaN
2024-08-06T19:03:40.115632,NaN,NaN,NaN,NaN,NaN,NaN
2024-08-06T19:03:40.135634,NaN,NaN,NaN,NaN,NaN,NaN
2024-08-06T19:03:40.147807,NaN,NaN,NaN,NaN,NaN,NaN
2024-08-06T19:03:40.171829,NaN,NaN,NaN,NaN,NaN,NaN
2024-08-06T19:03:40.195645,NaN,NaN,NaN,NaN,NaN,NaN
2024-08-06T19:03:40.215652,NaN,NaN,NaN,NaN,NaN,NaN
2024-08-06T19:03:40.235645,NaN,NaN,NaN,NaN,NaN,NaN
2024-08-06T19:03:40.255679,NaN,NaN,NaN,NaN,NaN,NaN
2024-08-06T19:03:40.275664,NaN,NaN,NaN,NaN,NaN,NaN
2024-08-06T19:03:40.295752,NaN,NaN,NaN,NaN,NaN,NaN
2024-08-06T19:03:40.315673,NaN,NaN,NaN,NaN,NaN,NaN
2024-08-06T19:03:40.335672,NaN,NaN,NaN,NaN,NaN,NaN
2024-08-06T19:03:40.359733,NaN,NaN,NaN,NaN,NaN,NaN
2024-08-06T19:03:40.373768,NaN,NaN,NaN,NaN,NaN,NaN
2024-08-06T19:03:40.399706,NaN,NaN,NaN,NaN,NaN,NaN
2024-08-06T19:03:40.413729,-0.0025764401743781093,0.028029273382169193,0.5741005207453316,2.4828254644568593,0.05872392923821739,1.889305672690933
2024-08-06T19:03:40.439930,NaN,NaN,NaN,NaN,NaN,NaN
2024-08-06T19:03:40.453649,-0.006981735526984673,0.025826120013951532,0.5634957451429421,2.495739635114487,-0.03059934309340366,-1.8017987483108684
2024-08-06T19:03:40.479936,-0.008121030528788568,0.02588526208043932,0.5649919962698191,2.5185402198176763,-0.050079091593571115,-1.780176519352357
2024-08-06T19:03:40.493622,-0.008636885231960864,0.025753120557399454,0.5675943293132548,2.535674799515663,-0.07357549403289965,-1.722816628083836
2024-08-06T19:03:40.515903,-0.008965941179626067,0.026168858298581944,0.572327090226825,2.5544430324156977,-0.06015916233619063,-1.7395582699116239
2024-08-06T19:03:40.541049,-0.00860997883241888,0.025940620147428945,0.5750492950322329,2.5728881445398195,-0.053170105924079655,-1.7073075679218537
2024-08-06T19:03:40.554417,-0.00768052165564298,0.02578339704468253,0.5769592712958641,2.581906744367809,-0.04340773534504913,-1.6786643425719674
2024-08-06T19:03:40.575697,-0.005064374049674252,0.02587154652380913,0.5802611409926556,2.621756404678931,0.03373607516463873,1.706954100408752
2024-08-06T19:03:40.595889,-0.003081737182498671,0.02650181471223508,0.5892987414304953,2.651419427939725,0.037625810766983146,1.654536424821156
2024-08-06T19:03:40.615902,-0.00004086174866856023,0.02625484442006677,0.5916890268314068,2.6660906747972746,0.003713287189129349,1.5937382719443116
2024-08-06T19:03:40.635912,0.002985342858263077,0.02606476592367166,0.5899242295161959,2.677831722544146,0.01820045580171832,1.5860182565743102
2024-08-06T19:03:40.655917,0.006766785073856384,0.02596912101426447,0.5899612154101744,2.695599975017006,0.03595697525514877,1.5789028753248477
2024-08-06T19:03:40.675927,0.011367281405688144,0.026480474620511424,0.6026260894182651,2.7399304394291155,-0.02533975610335907,1.5139297243120842
2024-08-06T19:03:40.695744,0.015981863755424004,0.02648730354888132,0.6019275238030242,2.729293029193224,0.02021207711021132,1.4888371085270407
2024-08-06T19:03:40.715714,0.020692458009208138,0.026344774040715214,0.5983184869524742,2.7482807263321916,0.017756492152899,1.5028815516501546
2024-08-06T19:03:40.735723,0.024899235729703005,0.025581881511602296,0.5938957278935634,2.6584964038147847,-0.059586727716208175,-1.556522349842116
2024-08-06T19:03:40.755752,0.03107283139913129,0.026135505101086608,0.6011655439255624,2.6447103367180493,-0.04402428603789607,-1.5610088228848737
2024-08-06T19:03:40.775753,0.03703518570410745,0.025621531814202157,0.5967852168359886,2.6401008812645332,-0.04400043622006505,-1.5840165989881994
2024-08-06T19:03:40.795828,0.04298723794313274,0.0257335035967059,0.5926418232555075,2.637503121123754,-0.04085491100558128,-1.6011263204772874
2024-08-06T19:03:40.815741,0.05086067649825544,0.025912354057849283,0.6056186211933057,2.6443740654680457,-0.040521993017239,-1.580489832070944
2024-08-06T19:03:40.835766,0.05871198344885895,0.025620673555815206,0.6051347916437027,2.835303435814582,0.0003157511327618801,1.3369136632335898
2024-08-06T19:03:40.855762,0.06608610084202146,0.02579653100335916,0.6049528714415637,2.827004308743303,0.006345140244980002,1.3141287470816356
2024-08-06T19:03:40.875774,0.07399437792549558,0.025984654156609326,0.6068286700569361,2.8394076328174473,0.0075600539473161055,1.293170292891354
2024-08-06T19:03:40.895801,0.08182014543238307,0.025517707144850237,0.605142116048616,2.873812217531166,-0.006660787071807734,1.2408849748100537
2024-08-06T19:03:40.915770,0.09034618691770242,0.025536384560247684,0.6046495662739522,2.870785443041081,-0.002149304861099081,1.2181773798293651
2024-08-06T19:03:40.935791,0.09852165213863986,0.025464104399364872,0.6078295268538932,2.6285448969362766,-0.052579119706018036,-1.5926685459319259
2024-08-06T19:03:40.963631,0.10608030878556352,0.024349954247102554,0.5981800425208159,2.6141660773257756,-0.06252552448765862,-1.5868732438762345
2024-08-06T19:03:40.975036,0.11945204195117368,0.02416949343716951,0.5955000523891651,2.6043637756695595,-0.06503138300306346,-1.6203781486169195
2024-08-06T19:03:40.995770,0.1251875910072425,0.02456679764431726,0.5990412865588212,2.6199803181737793,-0.05153874446616863,-1.6169065229726318
2024-08-06T19:03:41.015765,0.1343959677405013,0.02453496627346441,0.5907612233319723,2.944937536647996,-0.01525673905579954,1.0220913202060584
2024-08-06T19:03:41.035772,0.142781165771988,0.02336781553786957,0.5845414192061117,2.962998441369108,-0.0339986609367221,0.9977289907207929
2024-08-06T19:03:41.060005,0.15318545649784443,0.023500426179288516,0.5843382309056017,2.9871242685943176,-0.021380227464407157,0.9451642167155476
2024-08-06T19:03:41.073692,0.1631515199673537,0.023475292415383327,0.5827305289057252,3.005725357455067,-0.025844163236019273,0.8967086741116348
2024-08-06T19:03:41.095812,0.17404977741893668,0.02368544417078124,0.5843364297108931,2.9865799887683835,-0.018012688048018553,0.8474047578675802
2024-08-06T19:03:41.115797,0.18561527772896588,0.023548160007358068,0.5870446322670956,2.9939848104392115,-0.01455083540739803,0.8013862808876542
2024-08-06T19:03:41.135799,0.1949933962679154,0.02341849413506104,0.5822209591248653,2.9980034502489388,-0.02703086821222404,0.7704239557050735
2024-08-06T19:03:41.155835,0.2065781481431858,0.023605227716175146,0.5853034218661234,3.0114193455484264,-0.029664500490847387,0.7452819481629084
2024-08-06T19:03:41.179916,0.21196049565194333,0.022491065505797454,0.5715764770765455,3.0266885947878848,-0.03099810781211875,0.7332742953132438
2024-08-06T19:03:41.203546,0.22215076183389912,0.022848677484749606,0.5711351670577739,3.037031167611962,-0.01986417980696987,0.6991176156626107
2024-08-06T19:03:41.223546,0.23738154176500723,0.022782801031385518,0.5735341285320222,3.037035952417149,-0.036110545600757764,0.6307850899590158
2024-08-06T19:03:41.243553,0.2425769205721857,0.02212046328460838,0.5658924879805461,3.055108431896332,-0.022873359293808834,0.560170505779334
2024-08-06T19:03:41.263555,0.24872711931409489,0.022334441791889238,0.5639511585597892,3.0748488483102765,-0.04670299232780485,0.5408443324348371
2024-08-06T19:03:41.283552,0.25760924638411903,0.022688092427203887,0.5712658825927938,3.0744706347292015,-0.0550079899056631,0.507636451826365
2024-08-06T19:03:41.303594,0.2565149049565231,0.02216859025558299,0.5598706030512085,3.0897717424397135,-0.05655517454507813,0.5222968934932269
2024-08-06T19:03:41.323563,0.2545650653987008,0.02179258300973715,0.5500392859607366,3.071624870881375,-0.02831751716262993,0.5557674776215068
2024-08-06T19:03:41.343560,0.2539163841059847,0.0217699464763817,0.5478360052847735,3.074499494749801,-0.026148276887139544,0.5522227045996714
2024-08-06T19:03:41.363564,0.2541687608613936,0.021972536562941344,0.550891526666446,3.0854380025635963,-0.033689540055494585,0.5236482454004815
2024-08-06T19:03:41.375775,0.2513676549951851,0.022133356236177536,0.5504207428450673,3.0768756246739324,-0.03824657547197652,0.5152159928166262
2024-08-06T19:03:41.403693,0.24795212422263282,0.02202911133096772,0.5465554694750387,3.071308755633753,-0.035900392093001735,0.5011600429837735
2024-08-06T19:03:41.415827,0.23965235818124356,0.02222466325073329,0.5440393346924159,3.0959468624123754,-0.026510727995487725,0.47345727205324994
2024-08-06T19:03:41.439875,0.23805229733340025,0.022305328607772734,0.547534165097696,3.0889375761178433,-0.03159212610497751,0.4576153768842205
2024-08-06T19:03:41.463579,0.22837542228055824,0.022270220798881853,0.5409902237756613,-3.112532565713092,0.025591836221535845,-0.41826702378902864
2024-08-06T19:03:41.487605,0.21599921269920755,0.022806073786432846,0.5429733434406835,3.104270313861737,-0.023539279199705634,0.3051616169253336
2024-08-06T19:03:41.501512,0.20406938076271938,0.022872496943900523,0.5378729182706796,3.107638156392952,-0.01909358601616652,0.302788094775196
2024-08-06T19:03:41.527627,0.19993649698136975,0.023207546514534876,0.5424068829113199,3.113965321925808,-0.02363226469637859,0.244645784695949
2024-08-06T19:03:41.541526,0.1807309078018695,0.02319137818315358,0.5356534039980697,3.0945374125001486,-0.012612395252095942,0.22431315709625335
2024-08-06T19:03:41.567629,0.17535057336954488,0.02355067942118678,0.5382185597074813,3.1146332070309355,-0.02066272132605439,0.2113311433263533
2024-08-06T19:03:41.581000,0.15652458476380476,0.023822343233083732,0.5376011733030239,3.133400713864706,-0.018585273182007166,0.13101085303669258
2024-08-06T19:03:41.607621,0.1501110219312329,0.023684918880738218,0.5384581920980467,3.105615937609403,-0.009020064597511722,0.14740941168163674
2024-08-06T19:03:41.621172,0.13019762646929273,0.024235238849265768,0.536346474401059,-3.139030719129333,0.018876586757765965,-0.09858520086222362
2024-08-06T19:03:41.647640,0.12265534834270117,0.023983804085988564,0.5340062245406447,2.9307987187382083,-0.018403806191795272,-0.8022876309304814
2024-08-06T19:03:41.661152,0.1046228016136914,0.02425109607285754,0.5379278732895506,3.006328899067193,-0.020270391559623773,-0.6829978606861427
2024-08-06T19:03:41.687656,0.09194494332163784,0.024441986785885758,0.5367862543982485,2.994362548858078,-0.019890104760031804,-0.5955043818486366
2024-08-06T19:03:41.701262,0.07978105913344755,0.02457558818925539,0.5342826005131585,2.977933534738776,-0.01630554738976627,-0.5943185147679032
2024-08-06T19:03:41.727639,0.07417590958444989,0.024688225554218617,0.5349845434451853,2.980880702130624,-0.00937575725940699,-0.4818670937728073
2024-08-06T19:03:41.740942,0.057313236188572494,0.024731682108121177,0.5330594629897314,2.997535939396115,-0.015192015092167535,-0.47038476214085057
2024-08-06T19:03:41.763742,0.052152318914932105,0.024918823302303605,0.5363655982957041,2.986542163929611,-0.005754014501067017,-0.3229405950664207
2024-08-06T19:03:41.783643,0.03644042870873294,0.025052411738420294,0.5340593669915513,3.0038121716472395,-0.013000443116600447,-0.3960601217037777
2024-08-06T19:03:41.807686,0.026480618716980577,0.025381197567167783,0.5369654636740223,3.027766532303049,-0.014829530921929407,-0.39219426471926666
2024-08-06T19:03:41.820959,0.0170466945351059,0.025295511081586366,0.5378054170061503,3.052561159608164,-0.01232939487892949,-0.33515892785656315
2024-08-06T19:03:41.843639,0.012479979181552485,0.025402232516913672,0.536702853648574,2.995083370819042,-0.008135868186124348,-0.3230099402888628
2024-08-06T19:03:41.863631,-0.000922681161257662,0.025636808776697512,0.5383230170471752,3.0510016045339357,-0.009177389216543519,-0.15066728770187354
2024-08-06T19:03:41.883627,-0.009260511342645815,0.025686698302475015,0.5382626739397937,3.018525386811613,-0.004346409914291439,-0.2205841782785385
2024-08-06T19:03:41.903638,-0.017239213841384132,0.025658521353843913,0.5363996977330673,3.0554632448289953,-0.010938381489230991,-0.22239696592263214
2024-08-06T19:03:41.915946,-0.025008060474697752,0.025595857893767265,0.5368192896545675,3.078451195278297,-0.008393413114215388,-0.19218484300243271
2024-08-06T19:03:41.936038,-0.02845488581725048,0.025651427624543206,0.5351046819432964,3.0558348338058416,-0.0033065489200627156,-0.21780813689013798
2024-08-06T19:03:41.963797,-0.03581821183863474,0.025609551514995204,0.5364248794053839,3.0460750745699485,-0.004820515772285214,-0.19402405893016453
2024-08-06T19:03:41.983649,-0.045331349276047046,0.025763515296080043,0.5377611887190817,3.085911517338199,-0.007628461260874181,-0.12622168339130171
2024-08-06T19:03:42.003639,-0.05080266491629545,0.02582272752924414,0.5338634726673399,3.0830119800849234,-0.004272750371912144,-0.18971908455113418
2024-08-06T19:03:42.023652,-0.05617947663145427,0.02577516662407667,0.5342163052061236,3.1057945266880234,-0.005762358038286252,-0.17159947880815632
2024-08-06T19:03:42.043648,-0.06058437151854109,0.025898984218535873,0.5304087480264316,3.097275234897544,-0.004679527040317235,-0.2114535010803091
2024-08-06T19:03:42.063687,-0.06468569511123116,0.026128312226497034,0.5278923028920276,-3.1132320208046496,0.001674968079414064,0.1563047950211707
2024-08-06T19:03:42.088002,-0.06819930517683549,0.02605452364869995,0.5263296129615497,3.1132166454888486,-0.009450738717933761,-0.23708557984400946
2024-08-06T19:03:42.128309,-0.07118006319238065,0.025886999408305907,0.5230728826983949,3.087429780115701,-0.008182137704975433,-0.2314019488736592
2024-08-06T19:03:42.151568,-0.07618127601668667,0.025706428833910108,0.5169353562853959,3.0812514978318704,-0.009777232989913254,-0.2155824054300421
2024-08-06T19:03:42.175556,-0.07942722447321432,0.025873455866957558,0.5159210501485849,3.09297138043853,-0.015234861225382887,-0.22922846399532146
2024-08-06T19:03:42.188186,-0.08112898384167416,0.025976708637794305,0.5152290859678796,3.0740930951092755,-0.013649768152422082,-0.17741110633670168
2024-08-06T19:03:42.215706,-0.08166798098532844,0.02562574634066045,0.512110039059517,3.0356723770579874,-0.023396322580661717,-0.24183246186430224
2024-08-06T19:03:42.255713,-0.08330342277969366,0.025928127381225914,0.5101210145282115,3.0890493064383,-0.010632629002493649,-0.19688699728178302
2024-08-06T19:03:42.295720,-0.08382669377095735,0.02577754097173606,0.5041582864099386,3.1193131814005097,-0.012197144815478166,-0.2263857985711299
2024-08-06T19:03:42.323569,-0.08281036719122559,0.02559489490690046,0.49525955734616645,3.121263632188163,-0.013017588905766658,-0.2569601005622542
2024-08-06T19:03:42.336097,-0.08122569225657617,0.02550506012920981,0.4892663103333434,3.1245394030499893,-0.016071292815965685,-0.2767238812700092
2024-08-06T19:03:42.375805,-0.08054461911662399,0.025445241796393257,0.4870668363042786,3.112195414599077,-0.014333850468381653,-0.2866837047590131
2024-08-06T19:03:42.415769,-0.07600449904222746,0.02517470486784982,0.4726432458656314,3.101859292277708,-0.006119939111130237,-0.2753715456078795
2024-08-06T19:03:42.451582,-0.07055338637679125,0.024956961194232033,0.4620500400395768,3.117073085726072,-0.013436551800962083,-0.2599249016042483
2024-08-06T19:03:42.471595,-0.06372935259608455,0.02472809390076067,0.44819013998024015,3.1312478644370665,-0.010090816717771749,-0.20337304704955964
2024-08-06T19:03:42.495614,-0.060329970064029244,0.02438129690212291,0.4404833031673785,3.115167683602178,-0.013466210330265469,-0.2449794673196445
2024-08-06T19:03:42.527746,-0.05693075578974801,0.02424513528294879,0.4339610756119816,3.0942597156594775,-0.011943437995945253,-0.22368870691894446
2024-08-06T19:03:42.571586,-0.05278278334109809,0.024220599453089398,0.4241228875914201,3.1205673321823957,-0.014371734524636299,-0.17499437525666758
2024-08-06T19:03:42.595991,-0.04754853525726292,0.02368985730842034,0.40667733951178936,3.0991977482417132,-0.01417197898761543,-0.20838892883033752
2024-08-06T19:03:42.619710,-0.04635937792852158,0.023558677619656472,0.40107164638225506,3.0731932950198133,-0.01790022533358003,-0.22955175496775154
2024-08-06T19:03:42.647601,-0.04535431751244859,0.023454638184911933,0.3929580129637726,3.062154014224894,-0.014974924206209566,-0.2564756532198563
2024-08-06T19:03:42.687637,-0.045077532240745045,0.02376621087845111,0.3914200112073376,3.0784082099168772,-0.017054574452751763,-0.2215889697561811
2024-08-06T19:03:42.700362,-0.044670079757756345,0.02365491837422629,0.38433137963091263,3.0918531401496323,-0.013540060755101101,-0.19610626498739583
2024-08-06T19:03:42.739609,-0.044542371993150844,0.023651541100549938,0.3810710906017986,3.0976253515372028,-0.013059915083741807,-0.20172348437822624
2024-08-06T19:03:42.759618,-0.0441577549011589,0.02357276570498526,0.37606796280723853,3.0870211261079543,-0.017789960604205502,-0.223309896410614
2024-08-06T19:03:42.779733,-0.04319343862717619,0.023551640177917985,0.3716559253436287,3.1037578217869046,-0.020900285504479026,-0.19760153340531839
2024-08-06T19:03:42.819750,-0.04198337274961467,0.023474790315027097,0.3683744456652762,3.11375572786847,-0.01943652021076986,-0.15416255408626645
2024-08-06T19:03:42.859960,-0.03899382946345803,0.02320356733404946,0.3621196987595666,3.117560152268515,-0.02308183127518576,-0.20205051287659181
2024-08-06T19:03:42.899942,-0.03374830202546636,0.023214921107977345,0.3575014401919368,3.1258659799421222,-0.021678134729180006,-0.13811437123896564
2024-08-06T19:03:42.923743,-0.027135547424843563,0.023156996692003103,0.3543459522212268,-3.1219808176700585,0.017262260064378022,0.08245078106131558
2024-08-06T19:03:42.951758,-0.023406695951700973,0.022882237530016458,0.351610806330704,3.11550212871853,-0.02132346610682692,-0.1930027561883491
2024-08-06T19:03:42.987740,-0.01736266430553292,0.02267318170020793,0.3472856415768484,3.1082915286036537,-0.023559295810887775,-0.18596151725346888
2024-08-06T19:03:43.027753,-0.010984532631278708,0.022635347894701334,0.34464842955072217,3.1057049276223787,-0.02525611750625281,-0.12615401291456552
2024-08-06T19:03:43.067748,-0.002538712721131456,0.022279445077921567,0.3387318700004913,3.1267407042581534,-0.028637445057098167,-0.27553729635604546
2024-08-06T19:03:43.091660,0.006311425348417507,0.022144172191258374,0.335189776275198,3.121187647264088,-0.03265529821054,-0.30627122854247546
2024-08-06T19:03:43.111783,0.012725726072167938,0.02192115006091501,0.3305045173741669,-3.1163060921375396,0.04238235143723572,0.39535871360080616
2024-08-06T19:03:43.151781,0.01681863882533446,0.021922062299374594,0.33079689819021474,3.111717526045326,-0.04086502840214395,-0.31939772267778904
2024-08-06T19:03:43.191779,0.025466748825266845,0.02164713307952008,0.3258980163272004,3.1020765880531846,-0.04827816172187324,-0.46101489394363904
2024-08-06T19:03:43.231774,0.03430322655684538,0.021600707545403403,0.3255982058149059,3.0513906736599044,-0.03793603775770399,-0.3859880165769252
2024-08-06T19:03:43.251780,0.043573399915657625,0.02147195852764189,0.3249730658517413,3.0765594589594585,-0.0546093429130127,-0.5156238067203571
2024-08-06T19:03:43.287661,0.048231323234239405,0.021354339026013337,0.32398014446128776,3.020084855307483,-0.044883355533067826,-0.5263400291795799
2024-08-06T19:03:43.327653,0.05632111686359522,0.02132789484743341,0.32533608954952725,3.0430756683839033,-0.056762907259883394,-0.6084086625653196
2024-08-06T19:03:43.367673,0.06808007522376887,0.021282941872090136,0.3284018623999565,2.998500480535515,-0.05004057200306264,-0.6418622091965481
2024-08-06T19:03:43.407539,0.08320567218045448,0.021126182603484076,0.33249927007606594,2.9674627901251274,-0.059876669352617484,-0.8028254872855753
2024-08-06T19:03:43.419433,0.09174424580348721,0.021044204676486145,0.3338757261387706,2.9302714778129655,-0.06014250717718117,-0.9371201171626351
2024-08-06T19:03:43.459552,0.09888454853034448,0.0209516437540874,0.335976363048038,3.0746613078171223,-0.0339813368590332,0.08961367567189445
2024-08-06T19:03:43.499552,0.10958933392815547,0.020785996972520152,0.3379438027409943,3.081877787568546,-0.030388714915569014,0.17981617345879283
2024-08-06T19:03:43.539569,0.12034285696954823,0.020893886263349527,0.3450613931674842,3.0923015106471765,-0.036573069208513935,0.10996510756980532
2024-08-06T19:03:43.551773,0.12758946994248563,0.0206785336284553,0.3476116261397588,3.1030286911583675,-0.037133502817472464,0.23571019717877184
2024-08-06T19:03:43.583559,0.1307364460009346,0.020867391372724503,0.3530774066803697,3.0958610862387776,-0.036682671968847405,0.14671248621407973
2024-08-06T19:03:43.623588,0.13410810241891358,0.020847331606957138,0.35365890274002093,3.112974695708843,-0.04685773622695408,0.23169759326665962
2024-08-06T19:03:43.664059,0.1365445147017922,0.020374108770594472,0.3538121546404025,-3.1267759005537163,0.04346775169745265,-0.2593985500852746
2024-08-06T19:03:43.703576,0.1406400700181854,0.02081081168536732,0.3604870130127164,3.108619955473379,-0.04286797142670484,0.26458219497999275
2024-08-06T19:03:43.717282,0.14338066766845728,0.020813315526607274,0.3637693784684304,3.110807379347639,-0.04537307739198626,0.29161587712028625
2024-08-06T19:03:43.743748,0.1447986411165569,0.020822720003018665,0.3654683881130671,3.1092437372843156,-0.043383967433522595,0.2951854081767746
2024-08-06T19:03:43.783770,0.1464793979565643,0.020868211690378783,0.36732570326855407,3.115631001303228,-0.04134175393265254,0.28946874986849847
2024-08-06T19:03:43.807578,0.15082159594549968,0.02060627542476558,0.37130819244546487,3.1139357831240613,-0.034029926495858474,0.2987764232119545
2024-08-06T19:03:43.843597,0.15642021112126503,0.02079549310956832,0.37786817081487273,3.08764747749348,-0.03177422694662183,0.2965939702446949
2024-08-06T19:03:43.867876,0.16149424179100053,0.02080480530640869,0.38242959778906055,3.093063834658822,-0.0296166058327818,0.3154146441201954
2024-08-06T19:03:43.903824,0.16875832715862268,0.020720221542942008,0.3908080626766994,3.0814922933643802,-0.027557577708870795,0.3242479292954794
2024-08-06T19:03:43.943797,0.1748245776122383,0.020752257362568867,0.39662092192242254,3.087304740046064,-0.024638935374648983,0.33100194421378565
2024-08-06T19:03:43.983782,0.18522309600381193,0.020785156906134934,0.41023422893718553,3.083578762998999,-0.0237535961982302,0.3497243534774075
2024-08-06T19:03:44.023811,0.1924797563529074,0.020776483322962256,0.4195215068121548,3.0802947497091058,-0.02375539290556763,0.3784740295074279
2024-08-06T19:03:44.047583,0.20005466142479433,0.021076190080647036,0.43394262102539644,3.0799539683717296,-0.02096107575125994,0.39196030988756814
2024-08-06T19:03:44.087591,0.2049331942276152,0.02160249021443018,0.447123636028427,3.0874138907250486,-0.029230124322576236,0.4073889659358194
2024-08-06T19:03:44.127602,0.20477875959611147,0.021306666701866057,0.4556268463142247,-3.1129740036025546,0.046421205681837385,-0.3819303632775783
2024-08-06T19:03:44.167621,0.20586423685820007,0.02164959158821353,0.47396803944229654,3.0995603142422303,-0.022768198697086243,0.3583587832778554
2024-08-06T19:03:44.187604,0.20258513464232206,0.022063864296024503,0.4878403698416219,3.095853329421798,-0.022118279194908025,0.3562877151544142
2024-08-06T19:03:44.207612,0.20120958224146368,0.022294672381312167,0.4973944812444552,3.0961696766027944,-0.026029394823988763,0.33343101232840305
2024-08-06T19:03:44.247613,0.1968351546699781,0.022324097130555356,0.5006860940790032,3.098672568730779,-0.0225204558053328,0.3334099493459135
2024-08-06T19:03:44.287620,0.19021814449703692,0.022587084186984678,0.5153267429965225,3.095329704196448,-0.024489238248192286,0.3090439187001553
2024-08-06T19:03:44.307637,0.18370052110860954,0.023395351048819603,0.5344446582757414,3.0938464215388795,-0.017353987985743384,0.26031422949251015
2024-08-06T19:03:44.320097,0.17668748929025987,0.023263835497351386,0.5351376327562849,3.0917177004998098,-0.015951307070826353,0.24929067060367618
2024-08-06T19:03:44.351628,0.1755705698065582,0.02365159185119361,0.543216424576779,3.0822116663854167,-0.01908091214286553,0.2263280785906312
2024-08-06T19:03:44.391682,0.1658713715558723,0.023943259007274464,0.5509497810257754,3.0883121152445456,-0.016093196419297993,0.22718084979093842
2024-08-06T19:03:44.403965,0.1505307753220554,0.023982522273387596,0.5558326588752621,3.0978301175290173,-0.015186740745121073,0.1644799988062515
2024-08-06T19:03:44.427782,0.1469406232296299,0.024201573648008245,0.5583537344464756,3.1112333126928573,-0.019117041037900743,0.1614467069733286
2024-08-06T19:03:44.447744,0.13501190027582394,0.024413799074483232,0.5629994372032697,3.08109981991456,-0.013604382086717767,0.1959703405430097
2024-08-06T19:03:44.471769,0.12735358638373417,0.024722326508000495,0.5712775759751191,2.959984336790938,-0.033135556123527476,-0.7469270250223903
2024-08-06T19:03:44.511799,0.11817693935300153,0.024661486455241785,0.5669510171753019,3.1050155069497873,-0.02089200226504473,0.1757999361231145
2024-08-06T19:03:44.547640,0.09982317465365248,0.024723124274742526,0.5699898949765053,2.957860770294765,-0.02518446204953964,-0.7418234492501323
2024-08-06T19:03:44.567644,0.0828467588500861,0.024860553579898793,0.5715427592562323,2.949534773617071,-0.022058520060565398,-0.6118241217424172
2024-08-06T19:03:44.587657,0.07458439188115086,0.025041185582925018,0.57344500091469,2.9802680187683834,-0.029540558393659374,-0.5971071584327451
2024-08-06T19:03:44.623539,0.0662407262429895,0.025294781043761472,0.57543956061306,3.009696633266271,-0.025525474990064544,-0.5971853672689852
2024-08-06T19:03:44.663907,0.053920710416171413,0.025379773025713308,0.5758336922260888,3.0006630312144886,-0.023648776992130503,-0.5483089123260199
2024-08-06T19:03:44.688337,0.0377374267139984,0.025513618367525623,0.5739411877957402,2.986022610361294,-0.02276718179514004,-0.41985287596350634
2024-08-06T19:03:44.711735,0.02554125854432845,0.02567805334385733,0.5749949780591469,2.995411554153241,-0.022059647401920304,-0.4011341436755917
2024-08-06T19:03:44.735544,0.01742832435680626,0.025725740014242653,0.578619057452859,3.013805890545903,-0.021574570320044877,-0.384387031013425
2024-08-06T19:03:44.763567,0.009653448834406057,0.02600120244112189,0.5782814864186272,2.986349314023438,-0.017000242393420045,-0.28609345006903475
2024-08-06T19:03:44.776452,-0.001294092980055166,0.025901087081836586,0.5787968958699309,2.9944159068892477,-0.015430229657485979,-0.23524469122516808
2024-08-06T19:03:44.799684,-0.008197445006349169,0.025936929699423482,0.5752336793426277,3.0046158425567797,-0.01986972882810956,-0.22061746131751844
2024-08-06T19:03:44.835666,-0.015535375472838656,0.026092990898129144,0.5782195272531014,3.0524712799416815,-0.012553422205308726,-0.27255946626808336
2024-08-06T19:03:44.855673,-0.028718256401919454,0.02642929939961145,0.5799802404503371,3.054059210632171,-0.01603966001079983,-0.13969797693287822
2024-08-06T19:03:44.891725,-0.03507640725129777,0.02631439368785754,0.5761131972960494,2.9312943260088367,-0.011789324942883546,-0.07648955292599056
2024-08-06T19:03:44.931762,-0.04406522489831154,0.02642413548450652,0.5780652493302186,3.0091560067951764,-0.011332041304050017,-0.08772047610096549
2024-08-06T19:03:44.971744,-0.055634478770811575,0.026534258171112945,0.5781088072454512,3.0202288974108975,-0.008785929044574594,-0.057828041641209395
2024-08-06T19:03:44.995693,-0.06706249659169804,0.026626778616330952,0.57813572763844,3.0546416997575196,-0.011536447397081664,-0.021780149314257556
2024-08-06T19:03:45.019691,-0.07497311823715057,0.02688897730821282,0.5780325519590995,3.1263157743843246,-0.003540211989805769,0.018583910057065004
2024-08-06T19:03:45.059688,-0.08011474727673581,0.026874670758875285,0.5790326946679413,3.048824087535615,-0.008979319439351239,0.03014709398719172
2024-08-06T19:03:45.099718,-0.08819898674844985,0.02684256866029034,0.5758760390281121,3.140055183051486,0.0023349370578321462,0.014959946227423153
2024-08-06T19:03:45.135576,-0.0940635214429408,0.026924054961730323,0.5741140469975065,3.132954043339017,0.0003690295947850487,0.04771431016704146
2024-08-06T19:03:45.148118,-0.09604195391635999,0.02689835735972671,0.5712195623705156,-3.105663974903279,-0.0036351804651063285,0.07101661312915318
2024-08-06T19:03:45.175706,-0.09725189494473759,0.02695298631946453,0.5723182579053344,-3.106591314244688,-0.002444280565168759,-0.0013182333049055433
2024-08-06T19:03:45.216409,-0.09770127510965347,0.026916292149249187,0.5719064196544823,-3.1124244633055307,-0.00045307805840614953,0.026120435653363503
2024-08-06T19:03:45.257433,-0.09775468589838952,0.02691834151113212,0.5720511108016334,-3.111813857011221,-0.0007311096659738254,0.026177702611713267
2024-08-06T19:03:45.280911,-0.09774828415183263,0.026915298266754078,0.5721647865922662,-3.1111718647316824,-0.001737721325662381,0.017515286973872272
2024-08-06T19:03:45.299390,-0.09745565087387542,0.026937902328257393,0.5718469052647754,-3.108883574369556,-0.0008160317198673077,0.02204412873618229
2024-08-06T19:03:45.323692,-0.09626830872748406,0.026819648294620024,0.5692039227975284,-3.076684809211227,-0.0017764847581357268,0.0688579495644349
2024-08-06T19:03:45.363699,-0.095572828328085,0.0268326423452197,0.5697245899644905,-3.103224791262463,-0.0037737627933546523,0.07231997471690688
2024-08-06T19:03:45.403673,-0.0939472666662481,0.026776798212666368,0.5705841317909432,-3.1047861859742465,-0.0022301903254076673,0.0022506579929580254
2024-08-06T19:03:45.427728,-0.09243465096654553,0.02706321940378818,0.5760800709507387,3.1200390267999203,-0.008020019594677845,0.02147772198605956
2024-08-06T19:03:45.447725,-0.08993770518622415,0.026728155141886985,0.5733671040370121,3.1207759071971197,-0.004942610772504867,-0.031529980294873944
2024-08-06T19:03:45.483595,-0.08845356575553542,0.02685372379597641,0.5740530341975291,-3.1209536790761256,0.0030118558404734156,0.03364328503507507
2024-08-06T19:03:45.523591,-0.08564021447409743,0.02682753303073865,0.5736804804492722,-3.1105815932295617,0.0020063269696221405,0.010083453818371174
2024-08-06T19:03:45.563607,-0.08153804114179604,0.027026552061046604,0.5784747061727534,3.0721940124373153,-0.007741013212614523,0.050730099190072535
2024-08-06T19:03:45.583604,-0.07676181188893015,0.026809143240065867,0.575625122107459,-3.124897522065887,0.008004971947936337,0.05902463673512923
2024-08-06T19:03:45.603604,-0.0749926272995072,0.02681539310595998,0.5751869891834769,-3.101575716623051,0.0024827982728427497,0.018093739754910035
2024-08-06T19:03:45.639610,-0.07354837108450403,0.026610582071425547,0.5745571882925095,2.9671128953785795,-0.01133347013582815,0.3997125905910743
2024-08-06T19:03:45.679616,-0.0732350697846307,0.026773184100437778,0.5745416652389803,-3.1242109439987593,0.0037969640880283102,0.10791498348945508
2024-08-06T19:03:45.703890,-0.07318536108446577,0.026786559050716176,0.5742468004899546,-3.117177104265772,0.0044810474239860894,0.11032058182288104
2024-08-06T19:03:45.723935,-0.07321598388833081,0.026780232746148068,0.5744307501060123,-3.1204639874776827,0.004184530341706096,0.10767349878430192
2024-08-06T19:03:45.743911,-0.07320792038645657,0.02677120359166722,0.5743166052205407,-3.119701447388084,0.0033085232459128242,0.10911584025879627
2024-08-06T19:03:45.783616,-0.07320126667562035,0.026779002009578966,0.5743357636773365,-3.123168136398797,0.0038341723424446944,0.11244810412667473
2024-08-06T19:03:45.807775,-0.07316337844139578,0.026777727492310856,0.5740878057522744,-3.116610991201434,0.003921547091767012,0.11241838217537294
2024-08-06T19:03:45.831798,-0.07321157604528356,0.02679628762024404,0.5743535743046198,-3.116511006646371,0.004385979598521809,0.11280335026900544
2024-08-06T19:03:45.856147,-0.07332744179700934,0.026793431243739244,0.5741814566681601,-3.111227822482097,0.004017201567348545,0.09571169570441868
2024-08-06T19:03:45.880380,-0.07351288900163065,0.026651558595595592,0.573957539889336,2.981073230162703,-0.009184392159634848,0.39759605983072394
2024-08-06T19:03:45.923787,-0.0742302038179361,0.02683347984018085,0.5727059344359701,-3.1039976666944358,0.002530064369113827,0.03267462158622566
2024-08-06T19:03:45.963655,-0.07538654484043603,0.026678670071771906,0.5655134520278345,-3.124504388203896,0.003073548190859108,0.06007118865792566
2024-08-06T19:03:46.003797,-0.07456380129240064,0.02646990126493739,0.5544603248246845,3.135428093938159,-0.00743518503177534,-0.07592935986225298
2024-08-06T19:03:46.023805,-0.07093511752987405,0.026184938957669684,0.5407646856230595,-3.1091212804181665,0.010650793163323841,0.05769585416874194
2024-08-06T19:03:46.060160,-0.068081324170385,0.025809052843004672,0.5307666408683539,-3.1306893355668106,0.008976633496451279,0.14245592756957332
2024-08-06T19:03:46.099746,-0.06223943372202958,0.025915388692453634,0.5203603951386195,3.0803294438709807,-0.013195355373026641,-0.020923509893548558
2024-08-06T19:03:46.139554,-0.051702585523780945,0.025365905246883078,0.5032471396259489,-3.102434850034045,0.005356994520309886,0.010952610742352832
2024-08-06T19:03:46.152055,-0.03849549703562339,0.025048784952025737,0.4809719989963208,3.129916958526854,-0.015495836156242334,-0.17949869008914104
2024-08-06T19:03:46.175640,-0.031188855564532807,0.024853406778682828,0.47095183938885316,3.105432291070327,-0.015152652249068426,-0.1937780357986398
2024-08-06T19:03:46.215565,-0.023906744439491947,0.024740778448688078,0.4679255422843527,3.0193303531411955,-0.04109649711811543,0.018874433841216703
2024-08-06T19:03:46.255549,-0.007868062779384635,0.024131104163335262,0.44535191065784085,-3.1019696936326286,0.043796339924628475,0.37870560790713736
2024-08-06T19:03:46.295555,0.008541236412190458,0.023640993024269193,0.42862702781201906,-3.083308868902818,0.04646036681237823,0.5290866430143122
2024-08-06T19:03:46.319594,0.02576672469953693,0.023033500480103632,0.41431004835695995,2.996021408755565,-0.015405085931622625,0.5074299148085891
2024-08-06T19:03:46.331657,0.03273495682743719,0.023125007131770955,0.40986658137216325,3.033220210630589,-0.061393459342969844,-0.7816727550853197
2024-08-06T19:03:46.371570,0.037883739518185244,0.022958045484604547,0.4068491384261337,3.019197086541567,-0.021294483360319368,0.542836545589886
2024-08-06T19:03:46.411564,0.053265071797817407,0.022664796026420513,0.39703953211139364,3.012781082384437,-0.02091946670320597,0.614019028052299
2024-08-06T19:03:46.435825,0.06692900232171149,0.02230018644919462,0.3888013729564427,3.001615019916939,-0.016782162721781298,0.6721168880122992
2024-08-06T19:03:46.455822,0.07808066172891698,0.02215182004814635,0.3924290876189872,2.9989442877532624,-0.01674562648125733,0.677353069651904
2024-08-06T19:03:46.480529,0.08416815804958076,0.02211212513957189,0.39048462589238303,2.9878465927817386,-0.014353666999346067,0.7477196718755785
2024-08-06T19:03:46.507682,0.08942841164073995,0.02191210986759727,0.38668198544395055,2.976356900034295,-0.010496064062593593,0.7995197328382561
2024-08-06T19:03:46.547703,0.09959245938480443,0.022238850032730708,0.3950398212103355,2.9750241606124637,-0.0068970645483391055,0.8418640569864166
2024-08-06T19:03:46.587809,0.10999034819475297,0.02220477482523327,0.40085283439176045,2.9419632731636187,-0.021614384633890118,0.948698752925243
2024-08-06T19:03:46.607711,0.1166402286872514,0.022019440567454116,0.40525746747280833,2.8935559009345813,-0.004440596554378923,1.085519968188448
2024-08-06T19:03:46.627736,0.11855263694158226,0.02207739070435953,0.4059606285641079,2.8852069458101104,0.004955444226937666,1.1236542363323598
2024-08-06T19:03:46.667580,0.1205881454391894,0.021928691707645113,0.40941838656571317,2.8667709441883806,0.0049706885424531414,1.1559454299097072
2024-08-06T19:03:46.707579,0.12479361363722585,0.022203658923446216,0.42367092190317,2.840371188695473,0.015865850809950944,1.2189328585675228
2024-08-06T19:03:46.731897,0.12663445849974247,0.022487854132244384,0.4360138556073216,2.823594407976264,0.017268223940688474,1.2923659595870187
2024-08-06T19:03:46.751946,0.1279120926720961,0.022856952074876525,0.44495318877767287,2.8061273680780405,0.009493091718903323,1.313697438366164
2024-08-06T19:03:46.787607,0.12570600954329703,0.02254766141926025,0.4475232881473829,2.304868972079331,-0.057359276941171856,-2.0482053513250267
2024-08-06T19:03:46.807612,0.1276046109619588,0.023298311729003637,0.4725055634140668,2.275128893761199,-0.09894114350961773,-2.069133264474051
2024-08-06T19:03:46.827606,NaN,NaN,NaN,NaN,NaN,NaN
2024-08-06T19:03:46.863601,0.13065280726531917,0.024453733275701713,0.5017796055413668,2.760039280512523,0.009548186069221561,1.4681576054428451
2024-08-06T19:03:46.883603,NaN,NaN,NaN,NaN,NaN,NaN
2024-08-06T19:03:46.907768,NaN,NaN,NaN,NaN,NaN,NaN
2024-08-06T19:03:46.947803,NaN,NaN,NaN,NaN,NaN,NaN
2024-08-06T19:03:46.988808,NaN,NaN,NaN,NaN,NaN,NaN
2024-08-06T19:03:47.019893,NaN,NaN,NaN,NaN,NaN,NaN
2024-08-06T19:03:47.043764,NaN,NaN,NaN,NaN,NaN,NaN
2024-08-06T19:03:47.079611,NaN,NaN,NaN,NaN,NaN,NaN
2024-08-06T19:03:47.119615,NaN,NaN,NaN,NaN,NaN,NaN
2024-08-06T19:03:47.159625,NaN,NaN,NaN,NaN,NaN,NaN
2024-08-06T19:03:47.171917,NaN,NaN,NaN,NaN,NaN,NaN
2024-08-06T19:03:47.191996,NaN,NaN,NaN,NaN,NaN,NaN
2024-08-06T19:03:47.231626,NaN,NaN,NaN,NaN,NaN,NaN
2024-08-06T19:03:47.271631,NaN,NaN,NaN,NaN,NaN,NaN
2024-08-06T19:03:47.311635,NaN,NaN,NaN,NaN,NaN,NaN
2024-08-06T19:03:47.347531,NaN,NaN,NaN,NaN,NaN,NaN
2024-08-06T19:03:47.367551,NaN,NaN,NaN,NaN,NaN,NaN
2024-08-06T19:03:47.403545,NaN,NaN,NaN,NaN,NaN,NaN
2024-08-06T19:03:47.443545,NaN,NaN,NaN,NaN,NaN,NaN
2024-08-06T19:03:47.483553,NaN,NaN,NaN,NaN,NaN,NaN
2024-08-06T19:03:47.503540,NaN,NaN,NaN,NaN,NaN,NaN
2024-08-06T19:03:47.523541,NaN,NaN,NaN,NaN,NaN,NaN
2024-08-06T19:03:47.563563,NaN,NaN,NaN,NaN,NaN,NaN
2024-08-06T19:03:47.603557,NaN,NaN,NaN,NaN,NaN,NaN
2024-08-06T19:03:47.643565,NaN,NaN,NaN,NaN,NaN,NaN
2024-08-06T19:03:47.663555,NaN,NaN,NaN,NaN,NaN,NaN
2024-08-06T19:03:47.683687,NaN,NaN,NaN,NaN,NaN,NaN
2024-08-06T19:03:47.723674,NaN,NaN,NaN,NaN,NaN,NaN
2024-08-06T19:03:47.763752,NaN,NaN,NaN,NaN,NaN,NaN
2024-08-06T19:03:47.803687,NaN,NaN,NaN,NaN,NaN,NaN
2024-08-06T19:03:47.823677,NaN,NaN,NaN,NaN,NaN,NaN
2024-08-06T19:03:47.843708,NaN,NaN,NaN,NaN,NaN,NaN
2024-08-06T19:03:47.883686,NaN,NaN,NaN,NaN,NaN,NaN
2024-08-06T19:03:47.903755,NaN,NaN,NaN,NaN,NaN,NaN
2024-08-06T19:03:47.943582,NaN,NaN,NaN,NaN,NaN,NaN
2024-08-06T19:03:47.968022,NaN,NaN,NaN,NaN,NaN,NaN
2024-08-06T19:03:47.995726,NaN,NaN,NaN,NaN,NaN,NaN
2024-08-06T19:03:48.035738,NaN,NaN,NaN,NaN,NaN,NaN
2024-08-06T19:03:48.075796,NaN,NaN,NaN,NaN,NaN,NaN
2024-08-06T19:03:48.115754,NaN,NaN,NaN,NaN,NaN,NaN
2024-08-06T19:03:48.139585,NaN,NaN,NaN,NaN,NaN,NaN
2024-08-06T19:03:48.175600,NaN,NaN,NaN,NaN,NaN,NaN
2024-08-06T19:03:48.215658,NaN,NaN,NaN,NaN,NaN,NaN
2024-08-06T19:03:48.255640,NaN,NaN,NaN,NaN,NaN,NaN
2024-08-06T19:03:48.268494,NaN,NaN,NaN,NaN,NaN,NaN
2024-08-06T19:03:48.296023,NaN,NaN,NaN,NaN,NaN,NaN
2024-08-06T19:03:48.323820,NaN,NaN,NaN,NaN,NaN,NaN
2024-08-06T19:03:48.363631,NaN,NaN,NaN,NaN,NaN,NaN
2024-08-06T19:03:48.403603,NaN,NaN,NaN,NaN,NaN,NaN
2024-08-06T19:03:48.427885,NaN,NaN,NaN,NaN,NaN,NaN
2024-08-06T19:03:48.451735,NaN,NaN,NaN,NaN,NaN,NaN
2024-08-06T19:03:48.487726,NaN,NaN,NaN,NaN,NaN,NaN
2024-08-06T19:03:48.527717,NaN,NaN,NaN,NaN,NaN,NaN
2024-08-06T19:03:48.571746,NaN,NaN,NaN,NaN,NaN,NaN
2024-08-06T19:03:48.591777,NaN,NaN,NaN,NaN,NaN,NaN
2024-08-06T19:03:48.631528,NaN,NaN,NaN,NaN,NaN,NaN
2024-08-06T19:03:48.671541,NaN,NaN,NaN,NaN,NaN,NaN
2024-08-06T19:03:48.711541,NaN,NaN,NaN,NaN,NaN,NaN
2024-08-06T19:03:48.751542,NaN,NaN,NaN,NaN,NaN,NaN
2024-08-06T19:03:48.771546,NaN,NaN,NaN,NaN,NaN,NaN
2024-08-06T19:03:48.791646,NaN,NaN,NaN,NaN,NaN,NaN
2024-08-06T19:03:48.831808,NaN,NaN,NaN,NaN,NaN,NaN
2024-08-06T19:03:48.871823,NaN,NaN,NaN,NaN,NaN,NaN
2024-08-06T19:03:48.907559,NaN,NaN,NaN,NaN,NaN,NaN
2024-08-06T19:03:48.927559,NaN,NaN,NaN,NaN,NaN,NaN
2024-08-06T19:03:48.955958,NaN,NaN,NaN,NaN,NaN,NaN
2024-08-06T19:03:48.991554,NaN,NaN,NaN,NaN,NaN,NaN
2024-08-06T19:03:49.015739,NaN,NaN,NaN,NaN,NaN,NaN
2024-08-06T19:03:49.055750,NaN,NaN,NaN,NaN,NaN,NaN
2024-08-06T19:03:49.068698,NaN,NaN,NaN,NaN,NaN,NaN
2024-08-06T19:03:49.107700,NaN,NaN,NaN,NaN,NaN,NaN
2024-08-06T19:03:49.147685,NaN,NaN,NaN,NaN,NaN,NaN
2024-08-06T19:03:49.187689,NaN,NaN,NaN,NaN,NaN,NaN
2024-08-06T19:03:49.223612,NaN,NaN,NaN,NaN,NaN,NaN
2024-08-06T19:03:49.247573,NaN,NaN,NaN,NaN,NaN,NaN
2024-08-06T19:03:49.287587,NaN,NaN,NaN,NaN,NaN,NaN
2024-08-06T19:03:49.327591,NaN,NaN,NaN,NaN,NaN,NaN
2024-08-06T19:03:49.367589,NaN,NaN,NaN,NaN,NaN,NaN
2024-08-06T19:03:49.387600,NaN,NaN,NaN,NaN,NaN,NaN
2024-08-06T19:03:49.411576,NaN,NaN,NaN,NaN,NaN,NaN
2024-08-06T19:03:49.451592,NaN,NaN,NaN,NaN,NaN,NaN
2024-08-06T19:03:49.491598,NaN,NaN,NaN,NaN,NaN,NaN
2024-08-06T19:03:49.531591,NaN,NaN,NaN,NaN,NaN,NaN
2024-08-06T19:03:49.551586,NaN,NaN,NaN,NaN,NaN,NaN
2024-08-06T19:03:49.575599,NaN,NaN,NaN,NaN,NaN,NaN
2024-08-06T19:03:49.615606,NaN,NaN,NaN,NaN,NaN,NaN
2024-08-06T19:03:49.655624,NaN,NaN,NaN,NaN,NaN,NaN
2024-08-06T19:03:49.695599,NaN,NaN,NaN,NaN,NaN,NaN
2024-08-06T19:03:49.715611,NaN,NaN,NaN,NaN,NaN,NaN
2024-08-06T19:03:49.735798,NaN,NaN,NaN,NaN,NaN,NaN
2024-08-06T19:03:49.775729,NaN,NaN,NaN,NaN,NaN,NaN
2024-08-06T19:03:49.815756,NaN,NaN,NaN,NaN,NaN,NaN
2024-08-06T19:03:49.851614,NaN,NaN,NaN,NaN,NaN,NaN
2024-08-06T19:03:49.871644,NaN,NaN,NaN,NaN,NaN,NaN
2024-08-06T19:03:49.895742,NaN,NaN,NaN,NaN,NaN,NaN
2024-08-06T19:03:49.935950,NaN,NaN,NaN,NaN,NaN,NaN
2024-08-06T19:03:49.975822,NaN,NaN,NaN,NaN,NaN,NaN
2024-08-06T19:03:50.011617,NaN,NaN,NaN,NaN,NaN,NaN
2024-08-06T19:03:50.035621,NaN,NaN,NaN,NaN,NaN,NaN
2024-08-06T19:03:50.071524,NaN,NaN,NaN,NaN,NaN,NaN
2024-08-06T19:03:50.091524,NaN,NaN,NaN,NaN,NaN,NaN
2024-08-06T19:03:50.115534,NaN,NaN,NaN,NaN,NaN,NaN
2024-08-06T19:03:50.155545,NaN,NaN,NaN,NaN,NaN,NaN
2024-08-06T19:03:50.175544,NaN,NaN,NaN,NaN,NaN,NaN
2024-08-06T19:03:50.199642,NaN,NaN,NaN,NaN,NaN,NaN
2024-08-06T19:03:50.239646,NaN,NaN,NaN,NaN,NaN,NaN
2024-08-06T19:03:50.279649,NaN,NaN,NaN,NaN,NaN,NaN
2024-08-06T19:03:50.319674,NaN,NaN,NaN,NaN,NaN,NaN
2024-08-06T19:03:50.339688,NaN,NaN,NaN,NaN,NaN,NaN
2024-08-06T19:03:50.379679,NaN,NaN,NaN,NaN,NaN,NaN
2024-08-06T19:03:50.419733,NaN,NaN,NaN,NaN,NaN,NaN
2024-08-06T19:03:50.459694,NaN,NaN,NaN,NaN,NaN,NaN
2024-08-06T19:03:50.479913,NaN,NaN,NaN,NaN,NaN,NaN
2024-08-06T19:03:50.515587,NaN,NaN,NaN,NaN,NaN,NaN
2024-08-06T19:03:50.555591,NaN,NaN,NaN,NaN,NaN,NaN
2024-08-06T19:03:50.595580,NaN,NaN,NaN,NaN,NaN,NaN
2024-08-06T19:03:50.635585,NaN,NaN,NaN,NaN,NaN,NaN
2024-08-06T19:03:50.655588,NaN,NaN,NaN,NaN,NaN,NaN
2024-08-06T19:03:50.675761,NaN,NaN,NaN,NaN,NaN,NaN
2024-08-06T19:03:50.715708,NaN,NaN,NaN,NaN,NaN,NaN
2024-08-06T19:03:50.755726,NaN,NaN,NaN,NaN,NaN,NaN
2024-08-06T19:03:50.795710,NaN,NaN,NaN,NaN,NaN,NaN
2024-08-06T19:03:50.815719,NaN,NaN,NaN,NaN,NaN,NaN
2024-08-06T19:03:50.839723,NaN,NaN,NaN,NaN,NaN,NaN
2024-08-06T19:03:50.879733,NaN,NaN,NaN,NaN,NaN,NaN
2024-08-06T19:03:50.919793,NaN,NaN,NaN,NaN,NaN,NaN
2024-08-06T19:03:50.955611,NaN,NaN,NaN,NaN,NaN,NaN
2024-08-06T19:03:50.975615,NaN,NaN,NaN,NaN,NaN,NaN
2024-08-06T19:03:51.015630,NaN,NaN,NaN,NaN,NaN,NaN
2024-08-06T19:03:51.055626,NaN,NaN,NaN,NaN,NaN,NaN
2024-08-06T19:03:51.095625,NaN,NaN,NaN,NaN,NaN,NaN
2024-08-06T19:03:51.115617,NaN,NaN,NaN,NaN,NaN,NaN
2024-08-06T19:03:51.135622,NaN,NaN,NaN,NaN,NaN,NaN
2024-08-06T19:03:51.179675,NaN,NaN,NaN,NaN,NaN,NaN
2024-08-06T19:03:51.192243,NaN,NaN,NaN,NaN,NaN,NaN
2024-08-06T19:03:51.215797,NaN,NaN,NaN,NaN,NaN,NaN
2024-08-06T19:03:51.255835,NaN,NaN,NaN,NaN,NaN,NaN
2024-08-06T19:03:51.275802,NaN,NaN,NaN,NaN,NaN,NaN
2024-08-06T19:03:51.315770,NaN,NaN,NaN,NaN,NaN,NaN
2024-08-06T19:03:51.355777,NaN,NaN,NaN,NaN,NaN,NaN
2024-08-06T19:03:51.395793,NaN,NaN,NaN,NaN,NaN,NaN
2024-08-06T19:03:51.424138,NaN,NaN,NaN,NaN,NaN,NaN
2024-08-06T19:03:51.447809,NaN,NaN,NaN,NaN,NaN,NaN
2024-08-06T19:03:51.491868,NaN,NaN,NaN,NaN,NaN,NaN
2024-08-06T19:03:51.531986,NaN,NaN,NaN,NaN,NaN,NaN
2024-08-06T19:03:51.571903,NaN,NaN,NaN,NaN,NaN,NaN
2024-08-06T19:03:51.599706,NaN,NaN,NaN,NaN,NaN,NaN
2024-08-06T19:03:51.639714,NaN,NaN,NaN,NaN,NaN,NaN
2024-08-06T19:03:51.679766,NaN,NaN,NaN,NaN,NaN,NaN
2024-08-06T19:03:51.719739,NaN,NaN,NaN,NaN,NaN,NaN
2024-08-06T19:03:51.755560,NaN,NaN,NaN,NaN,NaN,NaN
2024-08-06T19:03:51.779564,NaN,NaN,NaN,NaN,NaN,NaN
2024-08-06T19:03:51.819570,NaN,NaN,NaN,NaN,NaN,NaN
2024-08-06T19:03:51.859575,NaN,NaN,NaN,NaN,NaN,NaN
2024-08-06T19:03:51.899602,NaN,NaN,NaN,NaN,NaN,NaN
2024-08-06T19:03:51.913283,NaN,NaN,NaN,NaN,NaN,NaN
2024-08-06T19:03:51.951569,NaN,NaN,NaN,NaN,NaN,NaN
2024-08-06T19:03:51.991573,NaN,NaN,NaN,NaN,NaN,NaN
2024-08-06T19:03:52.031582,NaN,NaN,NaN,NaN,NaN,NaN
2024-08-06T19:03:52.071579,NaN,NaN,NaN,NaN,NaN,NaN
2024-08-06T19:03:52.084253,NaN,NaN,NaN,NaN,NaN,NaN
2024-08-06T19:03:52.119760,NaN,NaN,NaN,NaN,NaN,NaN
2024-08-06T19:03:52.159767,NaN,NaN,NaN,NaN,NaN,NaN
2024-08-06T19:03:52.199814,NaN,NaN,NaN,NaN,NaN,NaN
2024-08-06T19:03:52.227735,NaN,NaN,NaN,NaN,NaN,NaN
2024-08-06T19:03:52.242540,NaN,NaN,NaN,NaN,NaN,NaN
2024-08-06T19:03:52.263771,NaN,NaN,NaN,NaN,NaN,NaN
2024-08-06T19:03:52.303916,NaN,NaN,NaN,NaN,NaN,NaN
2024-08-06T19:03:52.323940,NaN,NaN,NaN,NaN,NaN,NaN
2024-08-06T19:03:52.363796,NaN,NaN,NaN,NaN,NaN,NaN
2024-08-06T19:03:52.387832,NaN,NaN,NaN,NaN,NaN,NaN
2024-08-06T19:03:52.412093,NaN,NaN,NaN,NaN,NaN,NaN
2024-08-06T19:03:52.451833,NaN,NaN,NaN,NaN,NaN,NaN
2024-08-06T19:03:52.491933,NaN,NaN,NaN,NaN,NaN,NaN
2024-08-06T19:03:52.531628,NaN,NaN,NaN,NaN,NaN,NaN
2024-08-06T19:03:52.543804,NaN,NaN,NaN,NaN,NaN,NaN
2024-08-06T19:03:52.583624,NaN,NaN,NaN,NaN,NaN,NaN
2024-08-06T19:03:52.623624,NaN,NaN,NaN,NaN,NaN,NaN
2024-08-06T19:03:52.663639,NaN,NaN,NaN,NaN,NaN,NaN
2024-08-06T19:03:52.688090,NaN,NaN,NaN,NaN,NaN,NaN
2024-08-06T19:03:52.711801,NaN,NaN,NaN,NaN,NaN,NaN
2024-08-06T19:03:52.735797,NaN,NaN,NaN,NaN,NaN,NaN
2024-08-06T19:03:52.775840,NaN,NaN,NaN,NaN,NaN,NaN
2024-08-06T19:03:52.815824,NaN,NaN,NaN,NaN,NaN,NaN
2024-08-06T19:03:52.856080,NaN,NaN,NaN,NaN,NaN,NaN
2024-08-06T19:03:52.879887,NaN,NaN,NaN,NaN,NaN,NaN
2024-08-06T19:03:52.907686,NaN,NaN,NaN,NaN,NaN,NaN
2024-08-06T19:03:52.947683,NaN,NaN,NaN,NaN,NaN,NaN
2024-08-06T19:03:52.987691,NaN,NaN,NaN,NaN,NaN,NaN
2024-08-06T19:03:53.016040,NaN,NaN,NaN,NaN,NaN,NaN
2024-08-06T19:03:53.039672,NaN,NaN,NaN,NaN,NaN,NaN
2024-08-06T19:03:53.079673,NaN,NaN,NaN,NaN,NaN,NaN
2024-08-06T19:03:53.119667,NaN,NaN,NaN,NaN,NaN,NaN
2024-08-06T19:03:53.159671,NaN,NaN,NaN,NaN,NaN,NaN
2024-08-06T19:03:53.183685,NaN,NaN,NaN,NaN,NaN,NaN
2024-08-06T19:03:53.203725,NaN,NaN,NaN,NaN,NaN,NaN
2024-08-06T19:03:53.243590,NaN,NaN,NaN,NaN,NaN,NaN
2024-08-06T19:03:53.283575,NaN,NaN,NaN,NaN,NaN,NaN
2024-08-06T19:03:53.323581,NaN,NaN,NaN,NaN,NaN,NaN
2024-08-06T19:03:53.343688,NaN,NaN,NaN,NaN,NaN,NaN
2024-08-06T19:03:53.370714,NaN,NaN,NaN,NaN,NaN,NaN
2024-08-06T19:03:53.399693,NaN,NaN,NaN,NaN,NaN,NaN
2024-08-06T19:03:53.423582,NaN,NaN,NaN,NaN,NaN,NaN
2024-08-06T19:03:53.447855,NaN,NaN,NaN,NaN,NaN,NaN
2024-08-06T19:03:53.483584,NaN,NaN,NaN,NaN,NaN,NaN
2024-08-06T19:03:53.507722,NaN,NaN,NaN,NaN,NaN,NaN
2024-08-06T19:03:53.547766,NaN,NaN,NaN,NaN,NaN,NaN
2024-08-06T19:03:53.591596,NaN,NaN,NaN,NaN,NaN,NaN
2024-08-06T19:03:53.627765,NaN,NaN,NaN,NaN,NaN,NaN
2024-08-06T19:03:53.640992,NaN,NaN,NaN,NaN,NaN,NaN
2024-08-06T19:03:53.679595,NaN,NaN,NaN,NaN,NaN,NaN
2024-08-06T19:03:53.719607,NaN,NaN,NaN,NaN,NaN,NaN
2024-08-06T19:03:53.759640,NaN,NaN,NaN,NaN,NaN,NaN
2024-08-06T19:03:53.799608,NaN,NaN,NaN,NaN,NaN,NaN
2024-08-06T19:03:53.812157,NaN,NaN,NaN,NaN,NaN,NaN
2024-08-06T19:03:53.848444,NaN,NaN,NaN,NaN,NaN,NaN
2024-08-06T19:03:53.888192,NaN,NaN,NaN,NaN,NaN,NaN
2024-08-06T19:03:53.928213,NaN,NaN,NaN,NaN,NaN,NaN
2024-08-06T19:03:53.963624,NaN,NaN,NaN,NaN,NaN,NaN
2024-08-06T19:03:53.977919,NaN,NaN,NaN,NaN,NaN,NaN
2024-08-06T19:03:54.003982,NaN,NaN,NaN,NaN,NaN,NaN
2024-08-06T19:03:54.043997,NaN,NaN,NaN,NaN,NaN,NaN
2024-08-06T19:03:54.083993,NaN,NaN,NaN,NaN,NaN,NaN
2024-08-06T19:03:54.119849,NaN,NaN,NaN,NaN,NaN,NaN
2024-08-06T19:03:54.132218,NaN,NaN,NaN,NaN,NaN,NaN
2024-08-06T19:03:54.168008,NaN,NaN,NaN,NaN,NaN,NaN
2024-08-06T19:03:54.207826,NaN,NaN,NaN,NaN,NaN,NaN
2024-08-06T19:03:54.247922,NaN,NaN,NaN,NaN,NaN,NaN
2024-08-06T19:03:54.287934,NaN,NaN,NaN,NaN,NaN,NaN
2024-08-06T19:03:54.323641,NaN,NaN,NaN,NaN,NaN,NaN
2024-08-06T19:03:54.363637,NaN,NaN,NaN,NaN,NaN,NaN
2024-08-06T19:03:54.403692,NaN,NaN,NaN,NaN,NaN,NaN
2024-08-06T19:03:54.443655,NaN,NaN,NaN,NaN,NaN,NaN
2024-08-06T19:03:54.479554,NaN,NaN,NaN,NaN,NaN,NaN
2024-08-06T19:03:54.503543,NaN,NaN,NaN,NaN,NaN,NaN
2024-08-06T19:03:54.543554,NaN,NaN,NaN,NaN,NaN,NaN
2024-08-06T19:03:54.555857,NaN,NaN,NaN,NaN,NaN,NaN
2024-08-06T19:03:54.599546,NaN,NaN,NaN,NaN,NaN,NaN
2024-08-06T19:03:54.623893,NaN,NaN,NaN,NaN,NaN,NaN
2024-08-06T19:03:54.663559,NaN,NaN,NaN,NaN,NaN,NaN
2024-08-06T19:03:54.703561,NaN,NaN,NaN,NaN,NaN,NaN
2024-08-06T19:03:54.743562,NaN,NaN,NaN,NaN,NaN,NaN
2024-08-06T19:03:54.783664,NaN,NaN,NaN,NaN,NaN,NaN
2024-08-06T19:03:54.798013,NaN,NaN,NaN,NaN,NaN,NaN
2024-08-06T19:03:54.839582,NaN,NaN,NaN,NaN,NaN,NaN
2024-08-06T19:03:54.879572,NaN,NaN,NaN,NaN,NaN,NaN
2024-08-06T19:03:54.919581,NaN,NaN,NaN,NaN,NaN,NaN
2024-08-06T19:03:54.959589,NaN,NaN,NaN,NaN,NaN,NaN
2024-08-06T19:03:54.979731,NaN,NaN,NaN,NaN,NaN,NaN
2024-08-06T19:03:55.019715,NaN,NaN,NaN,NaN,NaN,NaN
2024-08-06T19:03:55.059718,NaN,NaN,NaN,NaN,NaN,NaN
2024-08-06T19:03:55.099729,NaN,NaN,NaN,NaN,NaN,NaN
2024-08-06T19:03:55.119716,NaN,NaN,NaN,NaN,NaN,NaN
2024-08-06T19:03:55.139727,NaN,NaN,NaN,NaN,NaN,NaN
2024-08-06T19:03:55.179724,NaN,NaN,NaN,NaN,NaN,NaN
2024-08-06T19:03:55.219713,NaN,NaN,NaN,NaN,NaN,NaN
2024-08-06T19:03:55.259734,NaN,NaN,NaN,NaN,NaN,NaN
2024-08-06T19:03:55.283719,NaN,NaN,NaN,NaN,NaN,NaN
2024-08-06T19:03:55.311605,NaN,NaN,NaN,NaN,NaN,NaN
2024-08-06T19:03:55.347633,NaN,NaN,NaN,NaN,NaN,NaN
2024-08-06T19:03:55.391615,NaN,NaN,NaN,NaN,NaN,NaN
2024-08-06T19:03:55.427609,NaN,NaN,NaN,NaN,NaN,NaN
2024-08-06T19:03:55.447616,NaN,NaN,NaN,NaN,NaN,NaN
2024-08-06T19:03:55.471618,NaN,NaN,NaN,NaN,NaN,NaN
2024-08-06T19:03:55.511639,NaN,NaN,NaN,NaN,NaN,NaN
2024-08-06T19:03:55.551634,NaN,NaN,NaN,NaN,NaN,NaN
2024-08-06T19:03:55.575946,NaN,NaN,NaN,NaN,NaN,NaN
2024-08-06T19:03:55.599805,NaN,NaN,NaN,NaN,NaN,NaN
2024-08-06T19:03:55.635637,NaN,NaN,NaN,NaN,NaN,NaN
2024-08-06T19:03:55.659991,NaN,NaN,NaN,NaN,NaN,NaN
2024-08-06T19:03:55.684231,NaN,NaN,NaN,NaN,NaN,NaN
2024-08-06T19:03:55.723962,NaN,NaN,NaN,NaN,NaN,NaN
2024-08-06T19:03:55.737968,NaN,NaN,NaN,NaN,NaN,NaN
2024-08-06T19:03:55.775658,NaN,NaN,NaN,NaN,NaN,NaN
2024-08-06T19:03:55.815664,NaN,NaN,NaN,NaN,NaN,NaN
2024-08-06T19:03:55.855687,NaN,NaN,NaN,NaN,NaN,NaN
2024-08-06T19:03:55.895666,NaN,NaN,NaN,NaN,NaN,NaN
2024-08-06T19:03:55.919548,NaN,NaN,NaN,NaN,NaN,NaN
2024-08-06T19:03:55.959548,NaN,NaN,NaN,NaN,NaN,NaN
2024-08-06T19:03:55.999559,NaN,NaN,NaN,NaN,NaN,NaN
2024-08-06T19:03:56.039543,NaN,NaN,NaN,NaN,NaN,NaN
2024-08-06T19:03:56.079559,NaN,NaN,NaN,NaN,NaN,NaN
2024-08-06T19:03:56.119558,NaN,NaN,NaN,NaN,NaN,NaN
2024-08-06T19:03:56.159550,NaN,NaN,NaN,NaN,NaN,NaN
2024-08-06T19:03:56.199558,NaN,NaN,NaN,NaN,NaN,NaN
2024-08-06T19:03:56.239564,NaN,NaN,NaN,NaN,NaN,NaN
2024-08-06T19:03:56.279559,NaN,NaN,NaN,NaN,NaN,NaN
2024-08-06T19:03:56.319564,NaN,NaN,NaN,NaN,NaN,NaN
2024-08-06T19:03:56.359609,NaN,NaN,NaN,NaN,NaN,NaN
2024-08-06T19:03:56.399577,NaN,NaN,NaN,NaN,NaN,NaN
2024-08-06T19:03:56.439575,NaN,NaN,NaN,NaN,NaN,NaN
2024-08-06T19:03:56.459579,NaN,NaN,NaN,NaN,NaN,NaN
2024-08-06T19:03:56.479694,NaN,NaN,NaN,NaN,NaN,NaN
2024-08-06T19:03:56.519703,NaN,NaN,NaN,NaN,NaN,NaN
2024-08-06T19:03:56.539894,NaN,NaN,NaN,NaN,NaN,NaN
2024-08-06T19:03:56.563773,NaN,NaN,NaN,NaN,NaN,NaN
2024-08-06T19:03:56.587607,NaN,NaN,NaN,NaN,NaN,NaN
2024-08-06T19:03:56.611657,NaN,NaN,NaN,NaN,NaN,NaN
2024-08-06T19:03:56.651623,NaN,NaN,NaN,NaN,NaN,NaN
2024-08-06T19:03:56.675873,NaN,NaN,NaN,NaN,NaN,NaN
2024-08-06T19:03:56.695893,NaN,NaN,NaN,NaN,NaN,NaN
2024-08-06T19:03:56.715890,NaN,NaN,NaN,NaN,NaN,NaN
2024-08-06T19:03:56.751638,NaN,NaN,NaN,NaN,NaN,NaN
2024-08-06T19:03:56.764630,NaN,NaN,NaN,NaN,NaN,NaN
2024-08-06T19:03:56.787750,NaN,NaN,NaN,NaN,NaN,NaN
2024-08-06T19:03:56.823742,NaN,NaN,NaN,NaN,NaN,NaN
2024-08-06T19:03:56.851664,NaN,NaN,NaN,NaN,NaN,NaN
2024-08-06T19:03:56.875775,NaN,NaN,NaN,NaN,NaN,NaN
2024-08-06T19:03:56.915749,NaN,NaN,NaN,NaN,NaN,NaN
2024-08-06T19:03:56.955751,NaN,NaN,NaN,NaN,NaN,NaN
2024-08-06T19:03:56.995756,NaN,NaN,NaN,NaN,NaN,NaN
2024-08-06T19:03:57.019790,NaN,NaN,NaN,NaN,NaN,NaN
2024-08-06T19:03:57.055816,NaN,NaN,NaN,NaN,NaN,NaN
2024-08-06T19:03:57.095778,NaN,NaN,NaN,NaN,NaN,NaN
2024-08-06T19:03:57.135811,NaN,NaN,NaN,NaN,NaN,NaN
2024-08-06T19:03:57.159798,NaN,NaN,NaN,NaN,NaN,NaN
2024-08-06T19:03:58.404012,NaN,NaN,NaN,NaN,NaN,NaN
2024-08-06T19:03:58.428090,NaN,NaN,NaN,NaN,NaN,NaN
2024-08-06T19:03:58.455671,NaN,NaN,NaN,NaN,NaN,NaN
2024-08-06T19:03:58.467835,NaN,NaN,NaN,NaN,NaN,NaN
2024-08-06T19:03:58.491664,NaN,NaN,NaN,NaN,NaN,NaN
2024-08-06T19:03:58.511678,NaN,NaN,NaN,NaN,NaN,NaN
2024-08-06T19:03:58.535544,NaN,NaN,NaN,NaN,NaN,NaN
2024-08-06T19:03:58.559585,NaN,NaN,NaN,NaN,NaN,NaN
2024-08-06T19:03:58.572406,NaN,NaN,NaN,NaN,NaN,NaN
2024-08-06T19:03:58.595563,NaN,NaN,NaN,NaN,NaN,NaN
2024-08-06T19:03:58.615542,NaN,NaN,NaN,NaN,NaN,NaN
2024-08-06T19:03:58.635553,NaN,NaN,NaN,NaN,NaN,NaN
2024-08-06T19:03:58.655553,NaN,NaN,NaN,NaN,NaN,NaN
2024-08-06T19:03:58.675549,NaN,NaN,NaN,NaN,NaN,NaN
2024-08-06T19:03:58.695553,NaN,NaN,NaN,NaN,NaN,NaN
2024-08-06T19:03:58.715553,NaN,NaN,NaN,NaN,NaN,NaN
2024-08-06T19:03:58.735590,NaN,NaN,NaN,NaN,NaN,NaN
2024-08-06T19:03:58.755560,NaN,NaN,NaN,NaN,NaN,NaN
2024-08-06T19:03:58.775565,NaN,NaN,NaN,NaN,NaN,NaN
2024-08-06T19:03:58.795573,NaN,NaN,NaN,NaN,NaN,NaN
2024-08-06T19:03:58.815583,NaN,NaN,NaN,NaN,NaN,NaN
2024-08-06T19:03:58.835579,NaN,NaN,NaN,NaN,NaN,NaN
2024-08-06T19:03:58.855601,NaN,NaN,NaN,NaN,NaN,NaN
2024-08-06T19:03:58.867727,NaN,NaN,NaN,NaN,NaN,NaN
2024-08-06T19:03:58.891723,NaN,NaN,NaN,NaN,NaN,NaN
2024-08-06T19:03:58.911719,NaN,NaN,NaN,NaN,NaN,NaN
2024-08-06T19:03:58.931749,NaN,NaN,NaN,NaN,NaN,NaN
2024-08-06T19:03:58.955602,NaN,NaN,NaN,NaN,NaN,NaN
2024-08-06T19:03:58.967850,NaN,NaN,NaN,NaN,NaN,NaN
2024-08-06T19:03:58.991857,NaN,NaN,NaN,NaN,NaN,NaN
2024-08-06T19:03:59.015617,NaN,NaN,NaN,NaN,NaN,NaN
2024-08-06T19:03:59.035604,NaN,NaN,NaN,NaN,NaN,NaN
2024-08-06T19:03:59.055603,NaN,NaN,NaN,NaN,NaN,NaN
2024-08-06T19:03:59.068343,NaN,NaN,NaN,NaN,NaN,NaN
2024-08-06T19:03:59.091762,NaN,NaN,NaN,NaN,NaN,NaN
2024-08-06T19:03:59.115621,NaN,NaN,NaN,NaN,NaN,NaN
2024-08-06T19:03:59.128076,NaN,NaN,NaN,NaN,NaN,NaN
2024-08-06T19:03:59.151760,NaN,NaN,NaN,NaN,NaN,NaN
2024-08-06T19:03:59.171762,NaN,NaN,NaN,NaN,NaN,NaN
2024-08-06T19:03:59.191762,NaN,NaN,NaN,NaN,NaN,NaN
2024-08-06T19:03:59.211765,NaN,NaN,NaN,NaN,NaN,NaN
2024-08-06T19:03:59.231762,NaN,NaN,NaN,NaN,NaN,NaN
2024-08-06T19:03:59.251821,NaN,NaN,NaN,NaN,NaN,NaN
2024-08-06T19:03:59.271767,NaN,NaN,NaN,NaN,NaN,NaN
2024-08-06T19:03:59.291822,NaN,NaN,NaN,NaN,NaN,NaN
2024-08-06T19:03:59.311792,NaN,NaN,NaN,NaN,NaN,NaN
2024-08-06T19:03:59.331804,NaN,NaN,NaN,NaN,NaN,NaN
2024-08-06T19:03:59.351797,NaN,NaN,NaN,NaN,NaN,NaN
2024-08-06T19:03:59.371860,NaN,NaN,NaN,NaN,NaN,NaN
2024-08-06T19:03:59.391809,NaN,NaN,NaN,NaN,NaN,NaN
2024-08-06T19:03:59.411823,NaN,NaN,NaN,NaN,NaN,NaN
2024-08-06T19:03:59.431803,NaN,NaN,NaN,NaN,NaN,NaN
2024-08-06T19:03:59.455845,NaN,NaN,NaN,NaN,NaN,NaN
2024-08-06T19:03:59.479548,NaN,NaN,NaN,NaN,NaN,NaN
2024-08-06T19:03:59.492656,NaN,NaN,NaN,NaN,NaN,NaN
2024-08-06T19:03:59.515676,NaN,NaN,NaN,NaN,NaN,NaN
2024-08-06T19:03:59.543563,NaN,NaN,NaN,NaN,NaN,NaN
2024-08-06T19:03:59.555142,NaN,NaN,NaN,NaN,NaN,NaN
2024-08-06T19:03:59.575732,NaN,NaN,NaN,NaN,NaN,NaN
2024-08-06T19:03:59.603562,NaN,NaN,NaN,NaN,NaN,NaN
2024-08-06T19:03:59.615293,NaN,NaN,NaN,NaN,NaN,NaN
2024-08-06T19:03:59.639576,NaN,NaN,NaN,NaN,NaN,NaN
2024-08-06T19:03:59.659572,NaN,NaN,NaN,NaN,NaN,NaN
2024-08-06T19:03:59.679584,NaN,NaN,NaN,NaN,NaN,NaN
2024-08-06T19:03:59.692510,NaN,NaN,NaN,NaN,NaN,NaN
2024-08-06T19:03:59.716177,NaN,NaN,NaN,NaN,NaN,NaN
2024-08-06T19:03:59.739592,NaN,NaN,NaN,NaN,NaN,NaN
2024-08-06T19:03:59.759603,NaN,NaN,NaN,NaN,NaN,NaN
2024-08-06T19:03:59.771990,NaN,NaN,NaN,NaN,NaN,NaN
2024-08-06T19:03:59.791899,NaN,NaN,NaN,NaN,NaN,NaN
2024-08-06T19:03:59.815780,NaN,NaN,NaN,NaN,NaN,NaN
2024-08-06T19:03:59.839604,NaN,NaN,NaN,NaN,NaN,NaN
2024-08-06T19:03:59.852397,NaN,NaN,NaN,NaN,NaN,NaN
2024-08-06T19:03:59.875811,NaN,NaN,NaN,NaN,NaN,NaN
2024-08-06T19:03:59.899619,NaN,NaN,NaN,NaN,NaN,NaN
2024-08-06T19:03:59.919616,NaN,NaN,NaN,NaN,NaN,NaN
2024-08-06T19:03:59.931780,NaN,NaN,NaN,NaN,NaN,NaN
2024-08-06T19:03:59.951946,NaN,NaN,NaN,NaN,NaN,NaN
2024-08-06T19:03:59.979739,NaN,NaN,NaN,NaN,NaN,NaN
2024-08-06T19:03:59.999655,NaN,NaN,NaN,NaN,NaN,NaN
2024-08-06T19:04:00.013028,NaN,NaN,NaN,NaN,NaN,NaN
2024-08-06T19:04:00.035908,NaN,NaN,NaN,NaN,NaN,NaN
2024-08-06T19:04:00.059622,NaN,NaN,NaN,NaN,NaN,NaN
2024-08-06T19:04:00.079626,NaN,NaN,NaN,NaN,NaN,NaN
2024-08-06T19:04:00.099631,NaN,NaN,NaN,NaN,NaN,NaN
2024-08-06T19:04:00.119635,NaN,NaN,NaN,NaN,NaN,NaN
2024-08-06T19:04:00.139651,NaN,NaN,NaN,NaN,NaN,NaN
2024-08-06T19:04:00.159646,NaN,NaN,NaN,NaN,NaN,NaN
2024-08-06T19:04:00.183791,NaN,NaN,NaN,NaN,NaN,NaN
2024-08-06T19:04:00.203990,NaN,NaN,NaN,NaN,NaN,NaN
2024-08-06T19:04:00.235546,NaN,NaN,NaN,NaN,NaN,NaN
2024-08-06T19:04:00.248944,NaN,NaN,NaN,NaN,NaN,NaN
2024-08-06T19:04:00.271657,NaN,NaN,NaN,NaN,NaN,NaN
2024-08-06T19:04:00.307672,NaN,NaN,NaN,NaN,NaN,NaN
2024-08-06T19:04:00.351664,NaN,NaN,NaN,NaN,NaN,NaN
2024-08-06T19:04:00.364261,NaN,NaN,NaN,NaN,NaN,NaN
2024-08-06T19:04:00.387685,NaN,NaN,NaN,NaN,NaN,NaN
2024-08-06T19:04:00.411670,NaN,NaN,NaN,NaN,NaN,NaN
2024-08-06T19:04:00.451682,NaN,NaN,NaN,NaN,NaN,NaN
2024-08-06T19:04:00.491684,NaN,NaN,NaN,NaN,NaN,NaN
2024-08-06T19:04:00.527894,NaN,NaN,NaN,NaN,NaN,NaN
2024-08-06T19:04:00.540400,NaN,NaN,NaN,NaN,NaN,NaN
2024-08-06T19:04:00.579563,NaN,NaN,NaN,NaN,NaN,NaN
2024-08-06T19:04:00.619573,NaN,NaN,NaN,NaN,NaN,NaN
2024-08-06T19:04:00.659571,NaN,NaN,NaN,NaN,NaN,NaN
2024-08-06T19:04:00.679572,NaN,NaN,NaN,NaN,NaN,NaN
2024-08-06T19:04:00.692465,NaN,NaN,NaN,NaN,NaN,NaN
2024-08-06T19:04:00.731580,NaN,NaN,NaN,NaN,NaN,NaN
2024-08-06T19:04:00.771585,NaN,NaN,NaN,NaN,NaN,NaN
2024-08-06T19:04:00.811594,NaN,NaN,NaN,NaN,NaN,NaN
2024-08-06T19:04:00.835705,NaN,NaN,NaN,NaN,NaN,NaN
2024-08-06T19:04:00.848672,NaN,NaN,NaN,NaN,NaN,NaN
2024-08-06T19:04:00.887610,NaN,NaN,NaN,NaN,NaN,NaN
2024-08-06T19:04:00.907599,NaN,NaN,NaN,NaN,NaN,NaN
2024-08-06T19:04:00.931603,NaN,NaN,NaN,NaN,NaN,NaN
2024-08-06T19:04:00.971595,NaN,NaN,NaN,NaN,NaN,NaN
2024-08-06T19:04:00.995795,NaN,NaN,NaN,NaN,NaN,NaN
2024-08-06T19:04:01.035678,NaN,NaN,NaN,NaN,NaN,NaN
2024-08-06T19:04:01.075753,NaN,NaN,NaN,NaN,NaN,NaN
2024-08-06T19:04:01.115710,NaN,NaN,NaN,NaN,NaN,NaN
2024-08-06T19:04:01.139969,NaN,NaN,NaN,NaN,NaN,NaN
2024-08-06T19:04:01.159940,NaN,NaN,NaN,NaN,NaN,NaN
2024-08-06T19:04:01.195818,NaN,NaN,NaN,NaN,NaN,NaN
2024-08-06T19:04:01.236006,NaN,NaN,NaN,NaN,NaN,NaN
2024-08-06T19:04:01.276138,NaN,NaN,NaN,NaN,NaN,NaN
2024-08-06T19:04:01.311637,NaN,NaN,NaN,NaN,NaN,NaN
2024-08-06T19:04:01.331689,NaN,NaN,NaN,NaN,NaN,NaN
2024-08-06T19:04:01.363811,NaN,NaN,NaN,NaN,NaN,NaN
2024-08-06T19:04:01.411630,NaN,NaN,NaN,NaN,NaN,NaN
2024-08-06T19:04:01.447643,NaN,NaN,NaN,NaN,NaN,NaN
2024-08-06T19:04:01.467652,NaN,NaN,NaN,NaN,NaN,NaN
2024-08-06T19:04:01.487636,NaN,NaN,NaN,NaN,NaN,NaN
2024-08-06T19:04:01.527645,NaN,NaN,NaN,NaN,NaN,NaN
2024-08-06T19:04:01.568303,NaN,NaN,NaN,NaN,NaN,NaN
2024-08-06T19:04:01.607796,NaN,NaN,NaN,NaN,NaN,NaN
2024-08-06T19:04:01.624896,NaN,NaN,NaN,NaN,NaN,NaN
2024-08-06T19:04:01.659634,NaN,NaN,NaN,NaN,NaN,NaN
2024-08-06T19:04:01.696276,NaN,NaN,NaN,NaN,NaN,NaN
2024-08-06T19:04:01.743583,NaN,NaN,NaN,NaN,NaN,NaN
2024-08-06T19:04:01.783548,NaN,NaN,NaN,NaN,NaN,NaN
2024-08-06T19:04:01.803752,NaN,NaN,NaN,NaN,NaN,NaN
2024-08-06T19:04:01.831735,NaN,NaN,NaN,NaN,NaN,NaN
2024-08-06T19:04:01.871662,NaN,NaN,NaN,NaN,NaN,NaN
2024-08-06T19:04:01.911688,NaN,NaN,NaN,NaN,NaN,NaN
2024-08-06T19:04:01.947545,NaN,NaN,NaN,NaN,NaN,NaN
2024-08-06T19:04:01.967547,NaN,NaN,NaN,NaN,NaN,NaN
2024-08-06T19:04:01.987678,NaN,NaN,NaN,NaN,NaN,NaN
2024-08-06T19:04:02.027644,NaN,NaN,NaN,NaN,NaN,NaN
2024-08-06T19:04:02.051735,NaN,NaN,NaN,NaN,NaN,NaN
2024-08-06T19:04:02.091577,NaN,NaN,NaN,NaN,NaN,NaN
2024-08-06T19:04:02.103756,NaN,NaN,NaN,NaN,NaN,NaN
2024-08-06T19:04:02.143561,NaN,NaN,NaN,NaN,NaN,NaN
2024-08-06T19:04:02.183573,NaN,NaN,NaN,NaN,NaN,NaN
2024-08-06T19:04:02.196625,NaN,NaN,NaN,NaN,NaN,NaN
